,ID,一级类目,二级类目,品牌,名称,价格,时间
0,361348,香水彩妆,香水,迪奥（Dior）,迪奥Dior花漾淡香氛/淡香水30ml(新旧款式随机发货)香水女士 清新淡花香 送女友 送朋友,599.00,2022-04-07
1,1035901,美妆工具,化妆棉,丽丽贝尔,丽丽贝尔LilyBell全棉化妆棉卸妆棉湿敷洁面袋装222枚*3包（日本技术 不掉絮 卸妆卸甲）,39.90,2022-04-07
2,2232378,香水彩妆,隔离霜/妆前乳,肌肤之钥（Cle de Peau）,日本 CPB 肌肤之钥（Cle de Peau） 新版钻石光感隔离霜 妆前乳 滋润 37ml 长管隔离国际版 彩妆礼物,439.00,2022-04-07
3,2322996,面部护肤,乳液/面霜,欧莱雅（LOREAL）,德国 欧莱雅（LOREAL）复颜抗皱紧致滋润日霜 日间修护 提拉紧致 淡纹去斑 50ml,112.00,2022-04-07
4,2323589,面部护肤,乳液/面霜,欧莱雅（LOREAL）,德国 欧莱雅（LOREAL）复颜抗皱紧致滋润晚霜 夜间修护 提拉紧致淡纹 50 ml,103.00,2022-04-07
5,2673757,面部护肤,乳液/面霜,希思黎（Sisley）,希思黎 (Sisley) 全能乳液125ml（面霜 补水保湿 深层滋养）送女友 送老婆 护肤礼物,1149.00,2022-04-07
6,2835917,面部护肤,乳液/面霜,雪花秀,雪花秀(SULWHASOO)乳液 滋盈肌本平衡保湿乳125ml(补水保湿 紧致抗皱 润肤乳 护肤品化妆品 礼物女),309.00,2022-04-07
7,2971313,美妆工具,化妆棉,舒蔻,尤妮佳舒蔻 1/2省水 湿敷补水不掉絮柔软型 原装进口化妆棉 卸妆棉洗脸巾40片,19.90,2022-04-06
8,2990352,面部护肤,套装/礼盒,雪花秀,雪花秀套装 滋盈肌本水乳套装 护肤品套装(爽肤水125ml+乳液125ml+精华面霜) 化妆品套装 生日礼物送女友,459.00,2022-04-07
9,2990358,面部护肤,套装/礼盒,兰芝（LANEIGE）,兰芝致美青春水乳套装 护肤品套装(爽肤水120ml+乳液100ml)  化妆品套装 护肤套装 护肤礼盒 补水 礼物送女友,339.00,2022-04-07
10,2990360,面部护肤,套装/礼盒,兰芝（LANEIGE）,兰芝水库凝肌水乳套装 护肤品套装清爽型(爽肤水200ml+乳液120ml+精华面霜+睡眠面膜) 化妆品套装 礼物送女友,259.00,2022-04-07
11,2990374,面部护肤,面膜,兰芝（LANEIGE）,兰芝(LANEIGE)睡眠面膜 夜间水润轻透面膜70ml (保湿补水 免洗滋养 收缩毛孔 男女适用),189.00,2022-04-07
12,2990384,面部护肤,洁面,雪花秀,雪花秀(SULWHASOO)洗面奶 顺行氨基酸洁面乳200ml(洗面奶女男士通用 去角质 温和敏感肌),199.00,2022-04-07
13,2990388,面部护肤,套装/礼盒,雪花秀,雪花秀套装 滋盈肌本水乳精华护肤品套装(爽肤水125ml+乳液125ml+精华液90ml+面霜)化妆品套装 礼物送女友,809.00,2022-04-07
14,2990398,面部护肤,套装/礼盒,兰芝（LANEIGE）,兰芝水库凝肌水乳套装 护肤品套装滋润型(爽肤水200ml+乳液120ml+精华面霜+睡眠面膜 )化妆品套装 礼物送女友,259.00,2022-04-07
15,3087293,面部护肤,洁面,芙丽芳丝（Freeplus）,日本进口 芙丽芳丝(freeplus) 氨基酸洁面乳净润洗面奶 100g 深层清洁 温和 敏感肌男女适用,135.00,2022-04-07
16,3930315,面部护肤,眼膜,蛇毒（Spa treatment）,日本进口 蛇毒（Spa treatment）HAS红蛇毒眼膜60枚/盒 抗皱紧致淡化细纹补水保湿,299.00,2022-04-07
17,4080291,美妆工具,化妆棉,悠珂思（ukiss）,悠珂思（ukiss）轻柔花语双面化妆棉200片/包（卸妆棉、卸甲拍水湿敷、双面厚款棉片清洁面巾不掉絮新疆棉）,9.90,2022-04-07
18,4311790,面部护肤,套装/礼盒,苏秘37°（Su:m37°）,苏秘 Sum37度 呼吸 时光能量水乳护肤礼盒7件套 滋润肌肤 新包装(水+乳+面霜+洁面) 免税直采 礼盒套装,478.00,2022-04-07
19,4311792,面部护肤,套装/礼盒,苏秘37°（Su:m37°）,苏秘 Sum37度 呼吸 惊喜水分保湿水乳礼盒10件套 提亮肤色(水+乳+面霜+精华+洁面) 免税直采 礼盒套装,525.00,2022-04-07
20,4311814,面部护肤,套装/礼盒,后（The history of Whoo）,韩国进口 后Whoo 拱辰享水妍水乳护肤品6件套盒344ml(水+乳+面霜+洁面)滋润养肤 塑封发送 专柜版,618.00,2022-04-07
21,4311902,面部护肤,洁面,后（The history of Whoo）,韩国进口 后Whoo 拱辰享洗面奶气韵生泡沫洁面膏180ml(天然无刺激 晶莹细腻 温和洁净 滋润保湿),210.00,2022-04-07
22,4343838,面部护肤,面膜,春雨（Papa recipe）,韩国进口 春雨papa recipe 黄色经典款蜂蜜面膜 补水保湿滋养 孕妇敏感肌可用男女通用 黄春雨10片/盒,139.00,2022-04-07
23,4368712,面部护肤,套装/礼盒,后（The history of Whoo）,韩国进口 后Whoo 拱辰享气韵生水乳护肤品6件套盒350ml(水+乳+面霜+洁面) 京仓塑封发送 专柜版,628.00,2022-04-07
24,4368728,面部护肤,套装/礼盒,后（The history of Whoo）,韩国进口 后Whoo 津率享红华凝香护肤品6件套盒315ml(水+乳+精华+面霜)  塑封发送 专柜版,728.00,2022-04-07
25,4648076,面部护肤,套装/礼盒,后（The history of Whoo）,韩国进口 后Whoo 拱辰享水妍67ml试用装(水20ml+乳20ml+霜4ml+秘贴水前精华15ml+秘贴精华8ml) 水妍小样5件套,199.00,2022-04-07
26,4648088,面部护肤,套装/礼盒,后（The history of Whoo）,韩国进口 后Whoo 拱辰享特别企划64ml试用装(水20ml+乳20ml+精华10ml+眼霜4ml+霜10ml) 气韵生小样5件套,199.00,2022-04-07
27,4722464,香水彩妆,蜜粉/散粉,梦妆（Mamonde）,梦妆(Mamonde)花运扑扑发际线粉01棕黑色4g 护肤品化妆品美妆男女士 阴影粉散粉,75.00,2022-04-06
28,4972612,面部护肤,乳液/面霜,黛珂（COSME DECORTE）,日本进口 黛珂Cosme Decorte牛油果乳液150ml 补水保湿 软化肤质 改善粗糙 痘痘闭口 护肤礼物,329.00,2022-04-07
29,5120206,香水彩妆,气垫BB/BB霜,雪花秀,雪花秀(SULWHASOO)气垫bb霜 致美养肤遮瑕隔离防晒粉底液(赠替换芯 SPF50+/PA+++ 礼物送女友)21号自然粉15g,289.00,2022-04-07
30,5143646,面部护肤,套装/礼盒,后（The history of Whoo）,韩国进口 后Whoo 天气丹花献光彩紧颜水乳护肤品7件套盒333ml(水+乳+面霜+眼霜+精华) 专柜版,1028.00,2022-04-07
31,5143648,面部护肤,套装/礼盒,后（The history of Whoo）,韩国进口 后Whoo 拱辰享雪玉凝水乳7件护肤品套装321ml(水+乳+面霜+光彩颜膏+啫喱)塑封发送专柜版,658.00,2022-04-07
32,5158119,身体护理,润肤,松山油脂（MatsuYama）,日本进口 松山油脂 M-mark系列 柚子身体乳精华润肤露 300ml 保湿滋润,155.00,2022-04-07
33,5446512,面部护肤,润唇膏,资生堂,日本进口 资生堂(SHISEIDO) MOILIP修护润唇膏 8g/支 滋润保湿 淡化唇纹 男女可用,72.00,2022-04-07
34,5760191,面部护肤,套装/礼盒,后（The history of Whoo）,韩国进口 后Whoo 秘贴精华液护肤品5件套盒93ml(秘贴精华+清颜精华+面霜+唇膏1支) 免税版,698.00,2022-04-07
35,5760197,面部护肤,套装/礼盒,后（The history of Whoo）,韩国进口后Whoo 拱辰享气韵生水乳霜护肤品7件套盒338ml(水+乳+面霜+口红1支）京仓塑封发送免税版,658.00,2022-04-07
36,5760199,面部护肤,套装/礼盒,后（The history of Whoo）,韩国进口 后Whoo 天气丹花献光彩紧颜水乳霜护肤品7件套盒348ml(水+乳+面霜+眼霜+精华）免税版,1068.00,2022-04-07
37,5819867,香水彩妆,口红,汤姆福特（TOM FORD）,汤姆福特（TOM FORD）TF口红 经典唇膏 3g 16 SCARLET ROUGE  复古番茄红 滋润（奶油质地）彩妆礼物,328.00,2022-04-07
38,6043315,面部护肤,润唇膏,小蜜蜂（Burt'sBees）,Burt's Bees伯特小蜜蜂 润唇膏 经典皇牌唇膏草莓味 天然保湿 淡化唇纹 防干裂 无色打底 4.25g 美国进口,49.90,2022-04-07
39,6050398,面部护肤,润唇膏,小蜜蜂（Burt'sBees）,Burt's Bees伯特小蜜蜂 润唇膏 经典皇牌唇膏薄荷蜜蜡味 天然保湿 淡化唇纹 无色打底   男女 4.25g 美国进口,49.90,2022-04-07
40,6190146,香水彩妆,眼影,NYX,nyx眼影16色眼影盘大地色彩妆盘哑光珠光闪粉高光日常美妆眼妆眼影盒暖色盘#03 节日生日礼物送女友13.28g/盘,132.00,2022-04-07
41,6291116,香水彩妆,口红,卡姿兰（Carslan）,卡姿兰（Carslan）粉悦木马轻雾感唇爱盒(口红礼盒 雾感哑光唇膏不易沾杯 mini6支套装 )  生日礼物送女友,89.00,2022-04-07
42,7032274,香水彩妆,隔离霜/妆前乳,兰芝（LANEIGE）,兰芝(LANEIGE)隔离霜妆前乳雪纱丝柔淡紫色30ml 防晒SPF25/PA++(修饰泛黄 提亮肤色 礼物送女友),189.00,2022-04-07
43,7246069,香水彩妆,隔离霜/妆前乳,兰芝（LANEIGE）,兰芝(LANEIGE)隔离霜妆前乳雪纱丝柔淡绿色30ml 防晒SPF25/PA++ (修饰泛红 提亮肤色 礼物送女友),189.00,2022-04-07
44,7384589,美妆工具,化妆棉,京东京造,京东京造 双头水滴棉棒 200支*2罐 掏耳朵棉签纸轴化妆棉签螺旋头清洁棉棒 原生脱脂棉,13.90,2022-04-07
45,7385065,香水彩妆,蜜粉/散粉,黛珂（COSME DECORTE）,黛珂COSME DECORTE AQMW白檀柔光缎采隐形毛孔控油定妆散粉蜜粉10号 20g  彩妆礼物,375.00,2022-04-07
46,7601074,香水彩妆,粉底液/膏,阿玛尼（ARMANI）,阿玛尼（ARMANI）造型紧颜大师粉底液30ml 03 PALE PEACHY 适合自然偏白肤色 彩妆礼物,415.00,2022-04-07
47,7867908,美妆工具,化妆棉,名创优品（MINISO）,名创优品（MINISO）棉签800支1600头 4小袋便携装耳鼻清洁化妆（化妆棒卸妆棉球双头美妆工具 ）新旧款随机发,8.90,2022-04-07
48,8142893,香水彩妆,唇彩唇蜜/唇釉,阿玛尼（ARMANI）,阿玛尼（ARMANI）臻致丝绒哑光唇釉 口红 405 红管哑光 番茄红色 6.5ml 彩妆礼物,218.00,2022-04-07
49,8646589,面部护肤,乳液/面霜,兰芝（LANEIGE）,兰芝(LANEIGE)乳液面霜 新水酷高保湿特润润肤霜50ml(温和舒缓 补水保湿 护肤品化妆品 礼物女)干皮/极干皮,215.00,2022-04-07
50,1093832459,香水彩妆,彩妆套装,伊丽丝雅（Ilisya）,ILISYA彩妆套装初学者化妆品套装全套组合新手美妆淡妆礼盒送女友生日礼物节日送礼 元气西柚妆+黑色化妆箱+化妆刷（节日礼盒套装）,299.00,2022-04-07
51,1249277141,面部护肤,套装/礼盒,香奈儿（Chanel）,【礼盒套装】香奈儿（Chanel）护肤礼盒套装 山茶花系列护肤品 送女友节日礼物 礼盒套装三件套（洁面+水+面霜）送礼盒礼袋,1595.00,2022-04-07
52,1294085306,香水彩妆,彩妆套装,Girl's,Girl's 女孩彩妆盒盘套装组合全套化妆品美妆化妆套刷唇彩粉底粉饼遮瑕裸妆初学者淡妆浓妆晚妆78色,88.00,2022-04-07
53,1760487425,面部护肤,套装/礼盒,梵洁诗,梵洁诗 玫瑰原液保湿套装 三件套(全日霜+保湿莹露+保湿滋养乳),298.00,2022-04-07
54,1781277333,面部护肤,套装/礼盒,自然堂（CHANDO）,自然堂套装护肤品水润密集补水保湿水乳套装水油平衡化妆品旗舰店官方 洗面奶+水+乳液+保湿霜,209.00,2022-04-06
55,1959605540,香水彩妆,口红,露华浓（Revlon）,【第二支5折】露华浓（Revlon）丽采黑管口红红管哑光雾面持久保湿滋润唇膏女士不易掉色化妆品女彩妆 【051升级款】黑管 008#棕调正红（哑光）,29.90,2022-04-07
56,1959812545,香水彩妆,口红,露华浓（Revlon）,【第二支5折】露华浓（Revlon）丽采保湿滋润唇膏女士哑光黑管口红女士不掉色美妆化妆品女彩妆 225#玫瑰红酒（奶油质地）,39.00,2022-04-07
57,1959812551,香水彩妆,口红,露华浓（Revlon）,【第二支5折】露华浓（Revlon）丽采保湿滋润唇膏女士哑光黑管口红女士不掉色美妆化妆品女彩妆 637#晕红裸色（奶油质地）,39.00,2022-04-07
58,1959815131,香水彩妆,口红,露华浓（Revlon）,【第二支5折】露华浓（Revlon）口红丽采黑管唇膏女士保湿滋润哑光口红豆沙色不掉色化妆品女彩妆套装 825#珊瑚恋人,41.80,2022-04-07
59,1985843603,香水彩妆,彩妆套装,露华浓（Revlon）,【第二支5折】露华浓（Revlon）粉底液 底霜 遮瑕 持久底妆组合 彩妆套装组合化妆品套装女美妆 150#自然白 中干性 两支装,89.00,2022-04-07
60,10111820907,面部护肤,套装/礼盒,自然堂（CHANDO）,自然堂雪域精粹纯粹护肤品礼盒 保湿补水细致肌肤毛孔化妆品套装男女礼物 雪域礼盒 清爽水+乳液（洁面+精华+滋润霜）体验,256.00,2022-04-07
61,10277662824,面部护肤,乳液/面霜,自然堂（CHANDO）,自然堂（CHANDO）雪域精粹滋润霜50g 护肤品面霜女学生（补水保湿抗氧持久锁水储水润滑）,146.00,2022-04-07
62,10277853020,面部护肤,乳液/面霜,自然堂（CHANDO）,自然堂乳液 雪域精粹纯粹保湿滋润补水120ml 护肤品女保湿乳化妆品（水润肌肤补水滋养）,155.00,2022-04-07
63,10279539800,面部护肤,乳液/面霜,自然堂（CHANDO）,自然堂面霜 抗氧补水抗皱紧致滋润霜 淡纹修护熬夜肌缓解干燥凝时鲜颜肌活霜保湿护肤品女小紫瓶熬夜霜,205.00,2022-04-07
64,10279584155,面部护肤,乳液/面霜,自然堂（CHANDO）,自然堂（CHANDO）凝时鲜颜肌活乳液120ml 护肤品女保湿乳（补水呵护柔润滋养淡化细纹）,205.00,2022-04-07
65,10360511797,身体护理,走珠/止汗露,安利（Amway）,安利（Amway）走珠安利止汗露100ml去腋臭止汗露雅蜜清爽香体走珠露止汗露香体露止汗走珠,63.00,2022-04-07
66,10372784673,面部护肤,乳液/面霜,玉兰油（OLAY）,玉兰油OLAY面霜美白润肤霜50g净白遮瑕补水保湿滋润提亮肤色素颜霜,46.00,2022-04-07
67,10483999868,面部护肤,套装/礼盒,果本（gooben）,果本护肤品套装 坚果洗面奶保湿补水套装女国本控油化妆品水乳霜滋润官方旗舰授权店顺丰 礼盒-小鲜肌礼盒（4件）【套餐1】,158.00,2022-04-07
68,10484588383,面部护肤,套装/礼盒,果本（gooben）,【品牌推荐】果本护肤品 荷荷巴舒缓补水保湿化妆品套装礼盒 女士深层清洁洗面奶柔肤水乳霜精华滋养发顺丰 大礼盒-荷荷巴舒缓柔润礼盒,669.00,2022-04-07
69,10594752619,面部护肤,套装/礼盒,医采（ECEIRO）,医采护肤品多肽奢宠水光护肤套盒补水五件套装化妆品 医采红色五件套,399.00,2022-04-07
70,11067527590,面部护肤,乳液/面霜,大宝（Dabao）,大宝SOD蜜男女士乳液滋润面霜懒人脸部全身可用保湿补水控油面霜清洁保湿补水护肤品 大宝SOD蜜100ml,10.60,2022-04-07
71,11258991343,香水彩妆,口红,欧莱雅（L'OREAL）,欧莱雅小妖金口红纷泽滋润唇膏3.7G保湿炫亮口红多色护唇膏 送老婆送女友 小妖金-161-轻吻豆沙色,100.70,2022-04-07
72,11680165109,面部护肤,乳液/面霜,卡姿兰（Carslan）,卡姿兰（Carslan）素颜霜 嫩白懒人霜女学生裸妆隔离提亮肤色控油遮瑕妆前乳旗舰自营 明星素颜霜升级版50g,98.00,2022-04-07
73,12049090771,面部护肤,套装/礼盒,后（WHOO）,韩国后（WHOO）护肤品礼盒套装 天气丹花献光彩紧颜系列礼盒水乳面霜正装6件套,998.00,2022-04-07
74,12085307744,面部护肤,套装/礼盒,后（WHOO）,韩国后（WHOO）护肤品礼盒套装 天气丹花献光彩紧颜系列礼盒水乳正装7件套,998.00,2022-04-07
75,12947515146,面部护肤,套装/礼盒,果本（gooben）,果本护肤品套装 坚果洗面奶保湿补水套装女国本控油化妆品水乳霜滋润官方旗舰授权店顺丰 礼盒-欢乐颂礼盒（6件）【套餐2-滋润】,499.00,2022-04-07
76,13154801006,面部护肤,套装/礼盒,诗婷露雅（STEROREA）,【品牌推荐】诗婷露雅鳄梨紧致修护套装滋润 补水保湿 提拉紧致 护肤品女顺丰 鳄梨6件套礼盒,188.00,2022-04-07
77,13179797973,面部护肤,乳液/面霜,修正,修正丹参祛痘凝胶可搭配祛痘印草本痘肌修护凝胶芦荟胶加寡肽原液淡化痘印痘疤痘坑套装青春痘痤疮粉刺 单只装20g,69.90,2022-04-07
78,13699145591,美妆工具,修眉刀,妮丽雅,妮丽雅 纹绣师专业修眉刀便携剃眉刀刮眉刀刮毛刀美妆工具 修眉刀一小盒10片,4.20,2022-04-07
79,14739983086,面部护肤,润唇膏,曼秀雷敦（Mentholatum）,【自营配送】曼秀雷敦薄荷润唇啫喱薄荷润唇膏2支装滋润保湿补水嘴唇防干防裂无色唇油学生润唇膏男女,29.90,2022-04-07
80,14944888963,面部护肤,乳液/面霜,自然堂（CHANDO）,自然堂亮透水光素颜霜50g 遮瑕补水滋润裸妆打底 改善暗沉提亮肤色美颜化妆品懒人面霜送礼礼物,120.00,2022-04-07
81,15233181369,面部护肤,套装/礼盒,自然堂（CHANDO）,自然堂雪域精粹护肤套装 滋润保湿水润小分子补水清洁洗面奶爽肤水乳液修护精华液 送化妆品礼物 【推荐补水三件套礼盒】洗面奶+水+乳液,368.00,2022-04-07
82,15236123739,面部护肤,套装/礼盒,自然堂（CHANDO）,自然堂（CHANDO）雪域精粹纯粹滋润护肤品套装 爽肤水化妆水乳液精华液化妆品生日送礼礼物 冰肌水（清润型）+乳液+精华,455.00,2022-04-07
83,15642314880,面部护肤,面膜,自然堂（CHANDO）,自然堂植物面膜 喜马拉雅舒缓保湿清洁膜法 冰川小分子补水平衡油脂滋润提亮收敛毛孔礼物女套装男士 补水保湿 植物面膜30p,99.00,2022-04-07
84,15785122365,香水彩妆,彩妆套装,卡姿兰（Carslan）,卡姿兰彩妆套装女气垫bb霜口红眼影组合初学者学生淡妆裸妆遮瑕美妆化妆品女彩妆官方生日三八节礼物送女友 清新自然妆八件套+13件美妆工具,429.00,2022-04-07
85,16245795493,香水彩妆,彩妆套装,卡姿兰（Carslan）,卡姿兰彩妆套装化妆品组合初学者学生化淡妆裸妆口红睫毛膏气垫眼影遮瑕保湿不易脱妆防水三八节生日礼物  (七件套) 清新自然妆,268.00,2022-04-07
86,16878933215,面部护肤,洁面,珀莱雅（PROYA）,【第2件 5折，可货到付款】珀莱雅去角质啫喱面部身体清洁死皮膏男女清洁黑头洗面奶磨砂膏慕斯学生,35.00,2022-04-07
87,16923491224,面部护肤,套装/礼盒,自然堂（CHANDO）,自然堂凝时鲜颜护肤品套装 淡化细纹补水保湿提拉紧致抗皱洗面奶水乳套装礼盒精华面霜化妆品送女士礼物 【HOT水乳礼盒】冰肌水160ml+乳液120ml,355.00,2022-04-07
88,18186171616,面部护肤,润唇膏,曼秀雷敦（Mentholatum）,【自营配送】曼秀雷敦薄荷润唇膏保湿滋润防干裂脱皮无色打底防护晒啫喱口油嘴唇部润唇膏 薄荷润唇膏+薄荷修护啫喱2支,29.90,2022-04-07
89,18671346322,面部护肤,润唇膏,自然堂（CHANDO）,自然堂 柔嫩润养护唇膏 男女护肤品唇部打底化妆品润唇膏（保湿滋润唇膜修护干裂）个人护理唇部护理,29.00,2022-04-07
90,19663918496,面部护肤,套装/礼盒,欧莱雅（LOREAL）,欧莱雅套装女士复颜抗皱护肤礼盒套装化妆品补水保湿滋润细致毛孔 母亲节礼物 复颜补水8件套水乳精华霜眼霜,379.00,2022-04-07
91,19663918497,面部护肤,套装/礼盒,欧莱雅（LOREAL）,欧莱雅套装女士复颜抗皱护肤礼盒套装化妆品补水保湿滋润细致毛孔 母亲节礼物 特惠复颜补水套装,349.00,2022-04-07
92,20349706218,香水彩妆,气垫BB/BB霜,自然堂（CHANDO）,自然堂（CHANDO）雪域滋润保湿精华霜35g BB霜彩妆底妆化妆品（隔离遮瑕修容持久裸妆） 肤色,105.00,2022-04-07
93,20545488871,面部护肤,套装/礼盒,自然堂（CHANDO）,自然堂（CHANDO）雪松精油活颜御龄奢宠套装 护肤品套装爽肤水精华液眼霜送长辈礼物 水霜套装,552.00,2022-04-07
94,20545488874,面部护肤,套装/礼盒,自然堂（CHANDO）,自然堂（CHANDO）雪松精油活颜御龄奢宠套装 护肤品套装爽肤水精华液眼霜送长辈礼物 水+乳液+精华,912.00,2022-04-07
95,20803040572,面部护肤,乳液/面霜,欧莱雅（LOREAL）,【自营配送】欧莱雅复颜视黄醇精粹抗皱乳液50ml提拉紧致清爽补水持久保湿细纹搽脸油面霜润肤乳女 2瓶装,128.00,2022-04-07
96,21872606579,面部护肤,套装/礼盒,瑞倪维儿（Rinawale）,康婷瑞倪维儿（Rinawale）水疗四件套装面部体部凝脂透明质酸原液凝胶护肤化妆品补水保湿 水疗四件套,360.00,2022-04-07
97,22299781350,面部护肤,套装/礼盒,自然堂（CHANDO）,自然堂凝时鲜颜护肤品套装 淡化细纹补水保湿提拉紧致抗皱洗面奶水乳套装礼盒精华面霜化妆品送女士礼物 【人气超值五件套】洁面+水+乳液+面霜+精华液,855.00,2022-04-07
98,23316275397,面部护肤,套装/礼盒,三草两木（SASELOMO）,三草两木护肤品套装补水保湿套盒5件套 护肤水乳液精华秋冬保养化妆品礼盒春生秋实补水套装下单送豪礼 秋实极润套装(补水修护)【亰東超市发货咨询有惊喜】,408.00,2022-04-07
99,23463502709,面部护肤,套装/礼盒,佰草集（HERBORIST）,佰草集典萃套装凝时臻颜护肤品礼盒女旗舰官方洁水乳精华霜百草集保湿紧致补水淡化细纹细致毛孔化妆品授权店 佰草集凝时臻颜周年限量礼盒,436.00,2022-04-07
100,24289289184,面部护肤,套装/礼盒,欧莱雅（LOREAL）,欧莱雅套装女士护肤品清润葡萄籽水乳套装化妆品礼盒洁面精华面霜补水亮肤 三八节母亲节礼物 【店长推荐】洁面+水+乳+霜四件套,204.00,2022-04-07
101,24677823445,香水彩妆,口红,卡姿兰（Carslan）,卡姿兰（Carslan）口红丝绒哑光唇釉雾面不掉色不易沾杯口红套装礼盒节日生日送礼情人节礼物送女朋友 V601【烟熏玫瑰】,69.00,2022-04-07
102,25171513713,香水彩妆,口红,汤姆福特（TOM FORD）,汤姆福特(TOM FORD)TF口红经典黑金唇膏 节日生日礼物送女生 16#SCARLET ROUGE复古番茄红（滋润）,199.00,2022-04-07
103,25469867606,面部护肤,套装/礼盒,欧莱雅（LOREAL）,欧莱雅套装女士复颜抗皱护肤礼盒套装化妆品补水保湿滋润细致毛孔 母亲节礼物 【店长力荐】视黄醇抗皱水乳套装,489.00,2022-04-07
104,25609666855,面部护肤,套装/礼盒,自然堂（CHANDO）,自然堂（CHANDO）雪润水乳套装 晶澈净颜焕白护肤品 爽肤水乳液（补水滋养提亮肤色温和莹润） 冰肌水+晶采乳,308.00,2022-04-07
105,25622773858,面部护肤,套装/礼盒,自然堂（CHANDO）,自然堂弹嫩紧致抗皱护肤品套装 爽肤水洗面奶气色液水乳精华化妆品礼盒 礼物送女友母亲长辈 气色液+乳液,466.00,2022-04-07
106,26223089596,面部护肤,套装/礼盒,欧诗漫（OSM）,欧诗漫套装女护肤品珍珠白美白补水保湿水乳化妆品小白灯洗面奶眼霜面霜精华礼盒旗舰官方店礼物 4件套：洗+水+乳+精华液,419.90,2022-04-07
107,26687956009,香水彩妆,口红,迪奥（Dior）,迪奥（Dior） 烈艳蓝金口红唇膏 丝绒999# 1.5g小样 带盒带中文标,128.00,2022-04-07
108,27185577215,面部护肤,套装/礼盒,玫琳凯（MARY KAY）,【自营物流】玫琳凯经典基础1、2号系列化妆品组合套装补水保湿细致收缩毛孔提亮肤色改善暗沉肌肤 1号中干性 洗面奶+爽肤水+乳液+面膜霜,385.00,2022-04-07
109,27814530794,面部护肤,套装/礼盒,自然堂（CHANDO）,自然堂套装雪域精粹化妆品护肤品礼盒纯粹滋润女士密集补水保湿修护提亮旗舰官方店 冰肌水+乳液+滋润霜,367.00,2022-04-07
110,28226348709,男士面部护肤,男士乳液/面霜,自然堂（CHANDO）,自然堂（CHANDO）男士冰川滋润霜50g 乳液面霜护肤品（清爽补水保湿控油滋润不粘腻）秋冬擦脸润肤 滋润霜,88.00,2022-04-07
111,28226443284,男士面部护肤,男士乳液/面霜,自然堂（CHANDO）,自然堂男士冰川保湿露70ml 润肤露学生护肤化妆品（补水控油清爽舒适易吸收） 保湿露,79.00,2022-04-07
112,28226579380,男士面部护肤,男士乳液/面霜,自然堂（CHANDO）,自然堂（CHANDO）男士喜马拉雅龙血能量润肤露70ml 护肤品乳液（补水保湿平衡水油不粘腻） 润肤露,96.00,2022-04-07
113,28226635640,男士面部护肤,男士乳液/面霜,自然堂（CHANDO）,自然堂（CHANDO）男士龙血能量润肤霜50g 面霜保湿霜护肤品（滋润防护易吸收不油腻） 润肤霜,105.00,2022-04-07
114,28230155215,香水彩妆,彩妆套装,美宝莲（MAYBELLINE）,【化妆包】美宝莲彩妆全套装女护肤化妆品礼盒套装初学者新手易学易画素颜裸妆 淡妆 遮瑕保湿 金致臻颜护肤+彩妆六件套,1236.20,2022-04-07
115,28412624691,面部护肤,套装/礼盒,菲诗小铺（THE FACE SHOP）,菲诗小铺（THE FACE SHOP）大米水乳皮肤干燥秋冬补水保湿爽肤水亮泽滋养改善粗糙肌 [2支]大米保湿水150ml+乳150ml套装,82.00,2022-04-07
116,28958020718,美妆工具,双眼皮贴,雪柔雅,【第二件9.9】雪柔雅双眼皮定型霜定型凝胶胶水假睫毛双眼皮贴两用情人节礼物大眼睛男女5ml,27.90,2022-04-07
117,29673898634,面部护肤,套装/礼盒,瑞倪维儿,康婷瑞倪维儿水疗透明质酸原液透明质酸凝胶体部凝脂面部凝脂深层补水养白淡化滋养润泽肌肤 透明质酸凝胶,69.00,2022-04-07
118,29673905952,面部护肤,套装/礼盒,瑞倪维儿,康婷瑞倪维儿亮颜洗面奶活肤营养水凝水保湿乳防护隔离乳素颜喷雾睡眠面膜基础套 亮颜洗面奶,52.00,2022-04-07
119,29726441623,面部护肤,套装/礼盒,后（The history of whoo）,【国内专柜】后WHOO 套装 天气丹花献体验装 保湿 旅行套盒 送女朋友老婆 女王节礼物 【专柜正装】天气丹礼盒7件套333ml,1200.00,2022-04-07
120,29963136754,面部护肤,套装/礼盒,自然堂（CHANDO）,自然堂雪域精粹护肤套装 滋润保湿水润小分子补水清洁洗面奶爽肤水乳液修护精华液 送化妆品礼物 清润水160ml+清爽乳液120ml,280.00,2022-04-07
121,29971690573,香水彩妆,口红,迪奥（Dior）,迪奥（Dior）口红烈艳蓝金唇膏 哑光772# 豆沙色,308.00,2022-04-07
122,30004073532,面部护肤,套装/礼盒,自然堂（CHANDO）,自然堂雪松奢宠礼盒 弹嫩紧致护肤品套装爽肤水精华液眼霜精华油面霜活颜御龄（生日礼物送礼礼盒） 礼盒,1216.00,2022-04-07
123,30031754101,男士面部护肤,男士乳液/面霜,尊蓝,尊蓝 男士BB霜遮瑕遮痘印自然色修颜粉底液遮瑕膏素颜霜男生化妆品彩妆套装初学者 自然色50g,59.90,2022-04-07
124,30035074590,香水彩妆,口红,自然堂（CHANDO）,自然堂口红 新款炫彩盈润高显色唇膏 化妆品彩妆节礼物持久显色高级显白百搭不挑皮 缓解唇纹 【人气-百搭显白】302胡萝卜色,96.00,2022-04-07
125,30195298583,面部护肤,套装/礼盒,自然堂（CHANDO）,自然堂弹嫩紧致抗皱护肤品套装 爽肤水洗面奶气色液水乳精华化妆品礼盒 礼物送女友母亲长辈 气色液+乳液+精华液,752.00,2022-04-07
126,30195298584,面部护肤,套装/礼盒,自然堂（CHANDO）,自然堂弹嫩紧致抗皱护肤品套装 爽肤水洗面奶气色液水乳精华化妆品礼盒 礼物送女友母亲长辈 洁水乳,580.00,2022-04-07
127,30223774626,香水彩妆,口红,自然堂（CHANDO）,自然堂口红 新款炫彩盈润高显色唇膏 化妆品彩妆节礼物持久显色高级显白百搭不挑皮 缓解唇纹 102大地金,96.00,2022-04-07
128,30320367458,面部护肤,套装/礼盒,SNOOPY,SNOOPY史努比学生护肤品套装 烟酰胺滋润柔亮 青少年洗面奶青春期面霜 中学生化妆品柔肤水乳液 净透5件套（洁面乳+柔肤水+光采乳+光采霜+眼霜）,138.00,2022-04-07
129,31584773425,男士面部护肤,男士乳液/面霜,尊蓝,尊蓝 男士BB霜遮瑕遮痘印自然色修颜粉底液遮瑕膏素颜霜男生化妆品彩妆套装初学者 隔离遮瑕修颜定妆四件套-自然色,129.90,2022-04-07
130,31593694324,面部护肤,套装/礼盒,SNOOPY,SNOOPY/史努比中学生祛痘套装 改善痘痘 青少年祛痘洗面奶 改善油脂 清痘护肤品男女 祛痘修护套装（洁面乳+祛痘收缩水+痘胶膏）,86.00,2022-04-07
131,31638881658,面部护肤,套装/礼盒,SNOOPY,SNOOPY史努比学生护肤品套装 烟酰胺滋润柔亮 青少年洗面奶青春期面霜 中学生化妆品柔肤水乳液 净透莹亮3件套组合装（柔肤水+光采乳+光采霜）,128.00,2022-04-07
132,32415963454,面部护肤,乳液/面霜,同仁堂（TRT）,北京同仁堂芦荟胶50g修护凝胶（晒后修复儿童 补水保湿）男女士通用乳液面霜护肤品套装 面部精华 1盒装（50g）,29.90,2022-04-07
133,32415963455,面部护肤,乳液/面霜,同仁堂（TRT）,北京同仁堂芦荟胶50g修护凝胶（晒后修复儿童 补水保湿）男女士通用乳液面霜护肤品套装 面部精华 2盒装（100g）,56.80,2022-04-07
134,32415963456,面部护肤,乳液/面霜,同仁堂（TRT）,北京同仁堂芦荟胶50g修护凝胶（晒后修复儿童 补水保湿）男女士通用乳液面霜护肤品套装 面部精华 3盒装（150g）,78.90,2022-04-07
135,32580567095,男士面部护肤,男士润唇膏,尊蓝,尊蓝 男士润唇膏男无味保湿滋润防嘴唇冻干裂脱皮无色男生薄荷男 保湿滋润唇膏3.2g,29.90,2022-04-07
136,34153363319,男士面部护肤,套装/礼盒,自然堂（CHANDO）,自然堂男士护肤套装 冰川保湿洁露套装 喜马拉雅冰川洗面奶保湿露+面膜（深层清洁控油补水） 【礼盒版】洁面160ml+保湿露70ml+面膜,120.00,2022-04-07
137,34154238817,男士面部护肤,套装/礼盒,自然堂（CHANDO）,自然堂男士护肤品套装 龙血洁水露三件套 劲爽能量洗面奶爽肤水乳液（补水控油）送男生日礼物 洁面160ml+爽肤水160ml+润肤露70ml,255.00,2022-04-07
138,35506703593,面部护肤,套装/礼盒,梵西（FONCE）,【299-85】梵西六胜肽抗皱紧致护肤品化妆品套装水乳面霜面膜眼霜淡化细纹皱纹洗面奶妈礼物 洗面奶+水+乳+液+霜 均码,299.00,2022-04-07
139,36163547449,面部护肤,套装/礼盒,伊贝诗,伊贝诗 (RIBECS)海澡蜗牛护肤品套装礼盒补水保湿修复细纹提拉紧致敏感肌化妆品六件,615.00,2022-04-07
140,36449072810,面部护肤,套装/礼盒,伊贝诗,伊贝诗鱼子精华蛋白护肤品女 补水保湿修复抗皱提拉紧致淡化细纹干纹套装礼盒 精品六件套（洗面奶，水，乳，精华，眼霜，面霜）,449.00,2022-04-07
141,37764262099,面部护肤,套装/礼盒,莱珀妮（La Prairie）,天气丹花献体验装 天率丹 保湿 旅行套盒 送女友礼物新年礼物 天气丹小样3件（水+乳+霜）总60ml,85.00,2022-04-07
142,38424225273,面部护肤,套装/礼盒,一枝春（OneSpring）,OneSpring黄金蜗牛原液套装 女士补水保湿女化妆品 抗皱紧致护肤品节日礼物礼盒 黄金蜗牛bb六件套,118.00,2022-04-07
143,40055254638,面部护肤,套装/礼盒,自然堂（CHANDO）,自然堂（CHANDO）酵母安瓶密集修护焕活精华 护肤品套装化妆品（密集滋养深层渗透磁力导入） 精华液1.5mL*7,199.00,2022-04-07
144,41015926995,香水彩妆,口红,传奇今生,传奇今生红樱桃唇膏 官方传奇今生 口红不掉色不沾杯变色保湿滋润传奇今生 唇膏 3.8g/支,189.00,2022-04-07
145,41280957136,香水彩妆,隔离霜/妆前乳,卡姿兰（Carslan）,卡姿兰隔离霜净透润色隔离霜女妆前乳打底隐毛孔补水保湿持久裸妆高颜官方旗舰自营同款 01#雪域紫色（适合肤色自然偏黄MM使用）,89.00,2022-04-07
146,41552470565,面部护肤,面膜,药都仁和,仁和药业 美白祛斑补水面膜 淡斑祛黄提亮保湿补水晒后美白面膜 男女士祛斑产品亮肤面膜 20片/盒,99.00,2022-04-07
147,42933872237,面部护肤,套装/礼盒,欧莱雅（LOREAL）,欧莱雅套装女士金致臻颜水乳护肤品套装节日礼物高端大气送女友补水保湿护肤礼盒提拉紧致 店长推荐：精华蜜+乳液+面霜+洁面,819.00,2022-04-07
148,43204360745,面部护肤,套装/礼盒,水密码,水密码护肤品套装冰川矿泉补水霜防晒乳清爽补水保湿滋润清洁提亮肤色收缩毛孔化妆品套装 （经典补水四件套）洁面+水+乳+补水霜,99.00,2022-04-07
149,43215763760,面部护肤,套装/礼盒,水密码,水密码海藻盈润水盈清透护肤品套装补水保湿滋润化妆品套装 海藻3件套（洁面+水+乳）,99.00,2022-04-07
150,43416158975,面部护肤,套装/礼盒,欧莱雅（LOREAL）,欧莱雅补水套装女士玻尿酸水乳护肤化妆品礼盒精华液节日礼物送女友水乳紧致补水保湿 店长推荐礼盒：玻尿酸晶露+乳+霜+眼霜90%的选择,479.00,2022-04-07
151,43419210679,面部护肤,套装/礼盒,欧莱雅（LOREAL）,欧莱雅补水套装女士玻尿酸水乳护肤化妆品礼盒精华液节日礼物送女友水乳紧致补水保湿 玻尿酸精华液+水+乳液,239.00,2022-04-07
152,43422642024,面部护肤,套装/礼盒,水密码,水密码护肤品套装海泉深透水乳面霜套装美肌补水保湿亮肤护肤礼盒海藻精华紧致修护精华露 两件套(精华水+精华乳),129.00,2022-04-07
153,43558536580,面部护肤,套装/礼盒,韩瑟（HIISEES）,24K黄金精华礼盒套盒五件套玻尿酸原液烟酰胺面部精华收缩毛孔女补水保湿化妆品护肤品女学生 韩瑟24K黄金奢护嫩滑礼品套盒（五件套）##h72,99.00,2022-04-07
154,43706791602,香水彩妆,口红,韩纪,韩纪HanKey口红持久保湿不易褪色女 不掉色不沾杯不脱妆 防水滋润保湿 中国红01,29.90,2022-04-07
155,43706791605,香水彩妆,口红,韩纪,韩纪HanKey口红持久保湿不易褪色女 不掉色不沾杯不脱妆 防水滋润保湿 豆沙色04,29.90,2022-04-07
156,43706791606,香水彩妆,口红,韩纪,韩纪HanKey口红持久保湿不易褪色女 不掉色不沾杯不脱妆 防水滋润保湿 姨妈色05,29.90,2022-04-07
157,43736658557,面部护肤,套装/礼盒,欧诗漫（OSM）,欧诗漫（OSM）套装女美白淡化班补水保湿营养美肤护肤品礼盒水乳组合化妆品官方旗舰官网店 ①礼盒（洗+水+乳+霜+眼霜),159.90,2022-04-07
158,44224524212,香水彩妆,口红,韩水仙（HINSOCHA）,【买一鎹一 千人千色】1支=口红+唇膏变色口红胡萝卜素润唇膏女补水保湿滋润防干裂淡化唇纹变色口红,39.90,2022-04-07
159,44986831441,面部护肤,套装/礼盒,自然堂,自然堂雪域套装补水保湿女护肤品乳专柜官方   送女友礼物 两件套【水+乳】,257.00,2022-04-07
160,45087976145,面部护肤,套装/礼盒,春夏（SPRING&SUMMER）,春夏南非复活草组合护肤套装男士女士护肤补水保湿清爽烟酰胺爽肤水乳液精华春夏护肤品官方店学生男女礼物 洁水乳组合,199.00,2022-04-06
161,45465404091,面部护肤,其它面部护肤,拉美拉,吸油纸面部脸部控油男女士学生清爽洁面补妆化妆棉卸妆棉洗脸巾一次性面纸吸油膜清洁纸去油纸巾擦脸补妆便携 100片 百合味,6.90,2022-04-07
162,46074337427,香水彩妆,眼影,JEAN MISS,【配5只套刷+眼线笔】沙漠玫瑰眼影盘哑珠光色学生大地大理石懒人盒闪粉亮片腮红美妆彩妆套装 18色眼影盘送5件套刷子+眼线笔,29.00,2022-04-07
163,46093359800,面部护肤,乳液/面霜,京卫本草,京卫本草军事护肤专家研制草本国货护肤品 京卫本草金盏花调理爽肤水248ml(清爽淡印细毛孔,56.00,2022-04-07
164,46093382307,面部护肤,乳液/面霜,京卫本草,京卫本草军事护肤专家研制草本国货护肤品 京卫本草蜂胶滋养紧致眼霜20g(细纹黑眼圈眼袋),53.00,2022-04-07
165,46093382308,面部护肤,乳液/面霜,京卫本草,京卫本草军事护肤专家研制草本国货护肤品 京卫本草止痘精华液30ml(送寡肽精华),52.00,2022-04-07
166,46959758030,香水彩妆,口红,迪奥（Dior）,生日礼物Dior迪奥口红礼盒套装Dior999哑光720彩妆套盒唇膏送 女友老婆朋友生日礼物女 两只装：迪奥999缎光+888哑光,590.00,2022-04-07
167,47702266893,香水彩妆,睫毛膏/睫毛液,CAVILLA,【官网正品】卡维拉cavilla眼睫毛液精华滋养液睫毛女睫毛眉毛液男女正品卡薇拉 滋养液黄色刷头(适合睫毛),146.00,2022-04-07
168,48318046464,面部护肤,乳液/面霜,三木江术,欧慕慕韩号欧慕慕 Oumuamua 皮肤康冷敷凝胶 欧暮暮祛痘膏乳膏祛痘印皮炎 三木江术 一支装,98.00,2022-04-07
169,48429501798,面部护肤,套装/礼盒,半亩花田（Little Dream Garden）,半亩花田菁萃水光水乳补水套装护肤品洗面奶水乳面霜女男保湿滋润 升级菁萃水乳套装敏感肌肤可用送女友 升级款水乳两件套,149.00,2022-04-07
170,48930784166,面部护肤,套装/礼盒,欧诗漫（OSM）,【38节礼物】欧诗漫套盒珍珠白护肤品女美白女士小白灯补水保湿套装美肤淡化斑点化妆品礼盒水乳透白洗面奶 新款（洁面+水+乳+眼霜+小白灯精华+隔离乳）,399.90,2022-04-07
171,51639799245,面部护肤,套装/礼盒,相宜本草（INOHERB）,相宜本草套装 美白润养洗面奶水乳液面霜 补水保湿锁水提亮肤色女化妆品 美白润养水120ml+美白润养乳120g,49.00,2022-04-07
172,52117171337,香水彩妆,彩妆套装,ILISYA,【节日礼物】ILISYA柔色化妆品套装彩妆套装初学者套装组合美妆淡妆粉口红眼影眉笔眼线液 清透自然妆+黑色化妆箱(节日礼盒套装),199.00,2022-04-07
173,52117171338,香水彩妆,彩妆套装,ILISYA,【节日礼物】ILISYA柔色化妆品套装彩妆套装初学者套装组合美妆淡妆粉口红眼影眉笔眼线液 清新桃花妆+粉色化妆箱+(节日礼盒套装),199.00,2022-04-07
174,52611848374,面部护肤,套装/礼盒,自然堂（CHANDO）,自然堂套装护肤品凝时鲜颜补水保湿提拉紧致淡化细纹旗舰官方店抗氧改善皱纹组合 ③二件套 水乳套装 冰肌水+乳液,311.90,2022-04-07
175,52882363084,面部护肤,套装/礼盒,欧莱雅（LOREAL）,欧莱雅套装女士护肤品复颜抗皱水乳霜护肤化妆品礼盒视黄醇补水保湿提拉紧致节日礼物送女友送老婆 特价组合套装：黄醇柔肤水+滋润乳液+紧致日霜,289.00,2022-04-07
176,53345634387,面部护肤,套装/礼盒,资生堂（Shiseido）,资生堂（Shiseido）悦薇水乳套装珀翡紧致女士护肤化妆品礼盒 旅行小样套装2件（爽肤水+乳液）,75.00,2022-04-07
177,54297347923,面部护肤,套装/礼盒,苏秘37°（Su:m37°）,苏秘37° SUM:37套盒套装呼吸礼盒补水保湿 男女士护肤化妆品 苏秘呼吸秘密花园水乳霜7件套（保湿紧致）,278.00,2022-04-07
178,54322083878,面部护肤,套装/礼盒,苏秘37°（Su:m37°）,苏秘37° SUM:37套盒套装呼吸礼盒补水保湿 男女士护肤化妆品 苏秘完美无瑕水乳霜8件套（滋润保湿）,599.00,2022-04-07
179,55387116376,面部护肤,乳液/面霜,欧莱雅（LOREAL）,【自营配送】欧莱雅复颜玻尿酸水光充盈导入乳液50ml保湿补水改善暗沉提亮肤色细纹女士乳液 2瓶装,108.00,2022-04-07
180,55803137900,身体护肤,胸部护理,仁和,仁和药业美乳霜丰美胸霜产品产后松弛下垂紧致丰满胸部护理精油丰乳霜 【仁和艾迪莎俏美韵刘燕酿制协和丰韵霜1支】50g,88.00,2022-04-07
181,56079068569,香水彩妆,口红,迪奥（Dior）,迪奥（Dior） 烈艳蓝金口红唇膏 促销装 丝绒哑光999# 1.5g小样 带盒带中文标正品,128.00,2022-04-07
182,56357021056,面部护肤,套装/礼盒,欧莱雅（LOREAL）,欧莱雅套装女士复颜抗皱紧致护肤化妆品礼盒视黄醇水乳面霜眼霜爽肤水补水保湿提拉紧致节日礼物 ⑥超值组合；水乳+日霜+晚霜,569.00,2022-04-07
183,57130234107,男士面部护肤,男士乳液/面霜,妮维雅（NIVEA）,妮维雅(NIVEA)男士润肤霜 面霜 补水乳保湿身体乳护手霜滋润 蓝罐150ml（大罐装）,79.00,2022-04-07
184,57773464434,面部护肤,套装/礼盒,伊贝诗,伊贝诗(RIBECS) 海藻蜗牛丝滑养肤护套装补水保湿修护干纹细纹提拉紧致洗面奶水乳霜化妆品顺丰 海藻蜗牛丝滑养肤护套装礼盒,615.00,2022-04-07
185,58673490135,面部护肤,乳液/面霜,同仁堂（TRT）,北京同仁堂维生素e乳液 秋冬季保湿补水ve身体乳膏 素颜面霜女 全身护手滋润乳男100ml 2瓶,29.90,2022-04-07
186,58673490136,面部护肤,乳液/面霜,同仁堂（TRT）,北京同仁堂维生素e乳液 秋冬季保湿补水ve身体乳膏 素颜面霜女 全身护手滋润乳男100ml 3瓶,39.90,2022-04-07
187,58735134884,香水彩妆,彩妆套装,ILISYA,【节日礼物】ILISYA柔色化妆品套装彩妆套装初学者裸妆全套化妆品组合美妆淡妆化妆包送女友 清透自然妆+黑色化妆箱(节日礼盒套装),289.00,2022-04-06
188,58735134886,香水彩妆,彩妆套装,ILISYA,【节日礼物】ILISYA柔色化妆品套装彩妆套装初学者裸妆全套化妆品组合美妆淡妆化妆包送女友 清透自然升级妆+粉色化妆箱(节日礼盒套装),299.00,2022-04-07
189,58735134887,香水彩妆,彩妆套装,ILISYA,【节日礼物】ILISYA柔色化妆品套装彩妆套装初学者裸妆全套化妆品组合美妆淡妆化妆包送女友 清新桃花升级妆+双层黑色化妆箱,369.00,2022-04-07
190,59180771706,香水彩妆,口红,自然堂（CHANDO）,自然堂口红 新款炫彩盈润高显色唇膏 化妆品彩妆节礼物持久显色高级显白百搭不挑皮 缓解唇纹 红星口红,96.00,2022-04-07
191,59380218158,面部护肤,套装/礼盒,自然堂（CHANDO）,自然堂水乳套装 凝时鲜颜抗皱紧致滋润补水淡纹 洗面奶洁面冰肌水乳液精华休眠面霜礼物送女友 冰肌水160ml+乳液120ml,355.00,2022-04-07
192,59380218160,面部护肤,套装/礼盒,自然堂（CHANDO）,自然堂水乳套装 凝时鲜颜抗皱紧致滋润补水淡纹 洗面奶洁面冰肌水乳液精华休眠面霜礼物送女友 【回购礼盒推荐】洗面奶+冰肌水+乳液+面霜+精华液,855.00,2022-04-07
193,59412555488,面部护肤,套装/礼盒,U/2/B,U/2/B彩妆礼盒 套装女生礼物优图碧精华乳+微晶凝润精华露 F215大白瓶+C72100微晶,680.00,2022-04-07
194,59734177096,面部护肤,套装/礼盒,如薇（RNW）,如薇RNW烟酰胺水套装玻尿酸补水原液 焕白保湿补水柔肤爽肤水乳套装温和肌肤男女适用 【提亮祛暗】烟酰胺焕白水乳套装+洗面奶80g,128.00,2022-04-07
195,59799477354,香水彩妆,口红,迪奥（Dior）,迪奥（Dior）口红滋润显色瘾诱超模漆光黑管唇膏固体礼盒七夕520情人节告白礼品送女友老婆闺蜜礼物 740#枫叶红（迪奥礼袋装）,296.00,2022-04-07
196,60605087824,面部护肤,套装/礼盒,碧素堂,碧素堂 蜗牛精华美白祛斑六件套护肤品套装  温和清洁补水保湿收缩毛孔舒缓滋养 男女化妆品水乳套装组合 蜗牛美白祛斑套装 六件套+1盒面膜,99.00,2022-04-07
197,60737179667,香水彩妆,口红,迪奥（Dior）,【专柜正品】Dior迪奥口红女士 999滋润口红小样赠礼盒礼袋,158.00,2022-04-07
198,61521682668,面部护肤,套装/礼盒,欧莱雅（LOREAL）,欧莱雅玻尿酸精华液精华水清爽补水保湿锁水乳液熬夜修护水乳套装提拉紧致抗皱化妆品油性混合型肤质护肤品女,258.00,2022-04-07
199,61522703177,面部护肤,套装/礼盒,一枝春（OneSpring）,30-40-50岁中年妈妈女士护肤品套装复颜抗皱紧致春夏季礼盒祛淡化细纹斑点眼霜水乳补水保湿减少皱纹 红石榴护肤品套装 六件套,165.00,2022-04-07
200,61824767321,面部护肤,套装/礼盒,欧莱雅（LOREAL）,欧莱雅套装女士复颜抗皱紧致护肤化妆品礼盒视黄醇水乳面霜眼霜爽肤水补水保湿提拉紧致节日礼物 ⑧复颜视黄醇抗皱补水8件套,389.00,2022-04-07
201,61843048518,面部护肤,套装/礼盒,碧素堂,碧素堂 蜗牛精华美白祛斑滋润六件套护肤品套装 补水保湿控油提亮肤色淡化斑改善黯黄化妆品水乳套装礼盒 蜗牛美白祛斑套装 六件套+1盒美白面膜,139.00,2022-04-07
202,62206442195,面部护肤,套装/礼盒,欧莱雅（LOREAL）,欧莱雅套装女士复颜抗皱紧致护肤化妆品礼盒视黄醇水乳面霜眼霜爽肤水补水保湿提拉紧致节日礼物 ②复颜视黄醇抗皱套装,300.00,2022-04-07
203,63282610104,面部护肤,套装/礼盒,片仔癀（PIEN TZE HUANG）,皇后牌片仔癀珍珠膏 面霜护肤品晚霜男女保湿国货 珍珠膏20g+珍珠霜25g,85.00,2022-04-07
204,63475157961,面部护肤,套装/礼盒,佰草集（HERBORIST）,佰草集典萃套装凝时臻颜护肤品礼盒女旗舰官方洁水乳精华霜百草集保湿紧致补水淡化细纹细致毛孔化妆品授权店 凝时臻颜（洁面+水+乳+霜+精华+眼霜）,730.00,2022-04-07
205,64119028893,香水彩妆,口红,迪奥（Dior）,生日礼物Dior迪奥口红礼盒套装Dior999哑光720彩妆套盒唇膏送 女友老婆朋友生日礼物女 迪奥花漾淡香水50ML+999哑光+999丝绒,1314.00,2022-04-07
206,64176279170,香水彩妆,口红,迪奥（Dior）,生日礼物dior迪奥口红礼盒套装新Dior哑光彩妆套盒唇膏生日礼物女送 女友老婆朋友 Dior可御可萌双支礼盒装：999缎光+001唇膏,536.00,2022-04-07
207,64176279172,香水彩妆,口红,迪奥（Dior）,生日礼物dior迪奥口红礼盒套装新Dior哑光彩妆套盒唇膏生日礼物女送 女友老婆朋友 哑光套装：999哑光+888哑光,576.00,2022-04-06
208,64570935194,香水彩妆,彩妆套装,3CE,【丝芙兰】3ce三熹玉九宫格眼影盘 8.1G，干枯玫瑰,230.00,2022-04-07
209,64624667508,面部护肤,其它面部护肤,火山,无锡红白瓶中药美白祛斑霜 黑色素雀斑晒斑黑斑黄褐斑妊娠斑晒斑老年斑遗传斑中药早晚霜,58.00,2022-04-07
210,64664017172,香水彩妆,睫毛膏/睫毛液,CAVILLA,Cavilla卡维拉睫毛滋养液精华真睫毛液增正品女双效睫毛膏眉毛液男纤密卡薇拉营养液长 滋养液黄色刷头【细、适合睫毛】,155.00,2022-04-07
211,65155998385,香水彩妆,彩妆套装,泊泉雅,泊泉雅抖音同款彩妆套装组合化妆品套装女初学者淡妆化妆品美妆彩妆七夕情人节礼物 清新淡彩妆(自然色),99.00,2022-04-07
212,65367643284,面部护肤,套装/礼盒,黛珂（Cosme Decorte）,生日礼物节日礼物日本原装COSME DECORTE黛珂紫苏水乳套装牛油果乳液紫苏化妆水爽肤水 黛珂水乳套装(水150ml+乳液150ml),429.00,2022-04-07
213,65386461380,面部护肤,套装/礼盒,半亩花田（Little Dream Garden）,半亩花田菁萃水光水乳补水套装护肤品洗面奶水乳面霜女男保湿滋润 升级菁萃水乳套装敏感肌肤可用送女友 水乳洁面三件套,159.00,2022-04-06
214,65402690271,香水彩妆,彩妆套装,柔色（rouse）,【节日礼物】柔色联名彩妆套装初学者化妆品套装礼盒口红组合淡妆舞台表演出送女朋友老婆生日礼物 清透自然妆【粉色化妆箱+美妆工具全套】,299.00,2022-04-07
215,65660816358,香水彩妆,其它彩妆,花西子,花西子花浅染化妆刷套装化妆工具美妆用品全套初学者刷子女士套刷 花浅染化妆刷套装（5件套）,199.00,2022-04-07
216,66199519236,面部护肤,其它面部护肤,自然堂（CHANDO）,自然堂（CHANDO）单品体验装 男士喜马拉雅龙血能量洁面乳50ml,20.00,2022-04-07
217,66340755825,面部护肤,套装/礼盒,欧莱雅（L'OREAL）,欧莱雅套装女士护肤品套装护肤套装+护肤礼盒复颜抗皱女水乳补水保湿化妆品情人节礼物送女友春夏季 【新客力荐】水65ml+乳50ml+日霜15ml,119.00,2022-04-07
218,66340755843,面部护肤,套装/礼盒,欧莱雅（L'OREAL）,欧莱雅套装女士护肤品套装护肤套装+护肤礼盒复颜抗皱女水乳补水保湿化妆品情人节礼物送女友春夏季 优惠装【洁面+柔肤水+乳液+微精华+日霜+眼霜】,269.00,2022-04-07
219,66457464522,面部护肤,套装/礼盒,自然堂（CHANDO）,自然堂套装护肤品凝时鲜颜补水保湿提拉紧致淡化细纹旗舰官方店抗氧改善皱纹组合 ⑪六件套 洗面奶+冰肌水+乳液+精华+眼霜+肌活霜,856.00,2022-04-07
220,66671252873,面部护肤,润唇膏,玛朴缇（MAPUTI）,【官方舰旗店】日本maputi绷带润唇膏保湿滋润淡化唇纹儿童孕妇可用 润唇膏1支,59.00,2022-04-07
221,67153888498,面部护肤,套装/礼盒,果本（gooben）,果本 美白淡化斑补水保湿提靓肤色护肤品套装深度滋养化妆品女 精研玫瑰果璀密臻白礼盒套装 玫瑰果祛斑净白礼盒（套餐1）,559.00,2022-04-07
222,67172200696,面部护肤,套装/礼盒,欧莱雅（LOREAL）,欧莱雅套装玻尿酸水乳护肤品礼盒补保湿精华液紫熨斗眼霜送女友 母亲节礼物 玻尿酸8套装：水乳霜,479.00,2022-04-07
223,67233320227,面部护肤,套装/礼盒,麦吉丽（Mageline）,麦吉丽素颜三部曲（Mageline）化妆品护肤品套装正装小样中样平衡水爽肤水精华液贵妇美颜膏小银管 正装青春浓缩精华液35ml,1280.00,2022-04-07
224,67513200111,香水彩妆,唇彩唇蜜/唇釉,美宝莲（MAYBELLINE）,美宝莲唇釉接吻棒口红巨持色哑光液体唇膏super stay不容易沾杯哑光生日礼物情人节礼物送女友 118热舞 花火红色,72.00,2022-04-07
225,67513200125,香水彩妆,唇彩唇蜜/唇釉,美宝莲（MAYBELLINE）,美宝莲唇釉接吻棒口红巨持色哑光液体唇膏super stay不容易沾杯哑光生日礼物情人节礼物送女友 210#天赋 奶茶粉,72.00,2022-04-07
226,67771927771,面部护肤,套装/礼盒,麦吉丽（Mageline）,素颜三部曲水养润护正装敏感过敏毛孔粗大问题肌肤修护补水保湿麦吉丽Mageline旗舰三八妇女节礼物 水养润护面霜38g,560.00,2022-04-07
227,67925046113,面部护肤,乳液/面霜,欧莱雅（L'OREAL）,欧莱雅女士面霜清润葡萄籽强韧修护面霜25m滋润保湿补水乳液女生面部护肤品套装礼盒女春夏季 【面霜25ml】2瓶,79.90,2022-04-07
228,67979163932,面部护肤,套装/礼盒,后（The history of whoo）,韩国Whoo后男士套装拱辰享君套装 男士洗面奶水乳霜套盒 天气丹君礼盒 多效修复 补水保湿 拱辰享君后男士水乳霜6件套装,548.00,2022-04-07
229,68035186544,香水彩妆,口红,汤姆福特（TOM FORD）,生日礼物礼盒送女友汤姆福特（TOM FORD）TF口红16烈焰炫彩幻魅黑金口红礼盒黑管细管唇膏 【送礼盒礼袋】tf16#SCARLET ROUGE,278.00,2022-04-07
230,68411073996,香水彩妆,口红,迪奥（Dior）,迪奥(Dior)口红礼盒套装999哑光520唇膏女生送老婆生日礼物女口红香水 999丝绒+迪奥小姐香水50ML,918.00,2022-04-07
231,68411078513,香水彩妆,口红,迪奥（Dior）,迪奥(Dior)口红礼盒套装999哑光520唇膏女生送老婆生日礼物女口红香水 【双只装】迪奥999丝绒+772豆沙色【专柜礼盒】,496.00,2022-04-07
232,69062319022,面部护肤,面部精华,雅斯汀（Ya Si Ting）,雅斯汀胶原蛋白精华液烟酰胺玻尿酸精华原液补水保湿女士面部提亮肤色雅亚斯思町订丁yasiting小金瓶 胶原蛋白精华液,89.00,2022-04-07
233,69081256120,面部护肤,套装/礼盒,欧莱雅（L'OREAL）,欧莱雅套装女士护肤品套装复颜抗皱化妆品护肤礼盒水乳套装女补水保湿六件套爽肤水乳液日霜面霜晚霜春夏季 【优惠装】柔肤水65ml+乳液50ml,99.00,2022-04-07
234,69081256123,面部护肤,套装/礼盒,欧莱雅（L'OREAL）,欧莱雅套装女士护肤品套装复颜抗皱化妆品护肤礼盒水乳套装女补水保湿六件套爽肤水乳液日霜面霜晚霜春夏季 【30-45岁力荐款 紧致淡纹】复颜抗皱水乳日霜,119.00,2022-04-07
235,69333267548,面部护肤,套装/礼盒,米云,米云男士水乳洁面洗面奶护肤品护理套装爽肤水乳液补水控油水乳套盒旅行装 【使用任何肤质】两件套,129.00,2022-04-07
236,69333267549,面部护肤,套装/礼盒,米云,米云男士水乳洁面洗面奶护肤品护理套装爽肤水乳液补水控油水乳套盒旅行装 【慕斯无需搓泡】三件套,169.00,2022-04-07
237,69401401705,面部护肤,乳液/面霜,格丽松（GUERISSON）,韩国进口九朵云Cloud9格丽松马油面霜 膏淡痘印疤套装爽肤美肌净白锁水深层滋养保湿爽肤水乳液 【格丽松弹性马油70g】,79.00,2022-04-07
238,69536342055,面部护肤,套装/礼盒,半亩花田（Little Dream Garden）,半亩花田菁萃水光水乳补水套装护肤品洗面奶水乳面霜女男保湿滋润 升级菁萃水乳套装敏感肌肤可用送女友 升级款水乳霜洁面四件套,239.00,2022-04-07
239,69562923996,面部护肤,套装/礼盒,一枝春（OneSpring）,一枝春OneSpring红石榴套装护肤品套装礼盒女士抗皱紧致化妆品保湿妈妈护肤品节日礼物 红石榴礼盒6件套,128.00,2022-04-07
240,69625112539,面部护肤,套装/礼盒,秀肤生（Cell Fusion C）,韩国进口秀肤生水乳套装乳液敏感肌肤爽肤水补水保湿舒缓滋润精华水乳 舒缓水乳套装,178.00,2022-04-07
241,69628125409,面部护肤,套装/礼盒,欧莱雅（LOREAL）,欧莱雅套装女士化妆品护肤礼盒葡萄籽水乳保湿补水面部爽肤水精华液送女友老婆 【补水六件套】洁面+膜力水+乳液*2+面霜*2,289.00,2022-04-07
242,69777135826,面部护肤,套装/礼盒,欧莱雅（L'OREAL）,欧莱雅金致臻颜花蜜奢养女士化妆品补水保湿水乳护肤品套装礼盒中年妈妈情人节礼物送女友 优惠装【精华蜜+乳液】,409.00,2022-04-07
243,70032921683,香水彩妆,口红,阿玛尼（ARMANI）,阿玛尼ARMANI口红405红管唇釉206 205哑光214气垫套装套盒礼盒生日礼物女 红管405# 番茄红,243.00,2022-04-07
244,70328384160,面部护肤,乳液/面霜,研春堂（YANCHUNTANG）,【抖音推荐】研春堂祛痘淡印膏花恩诗祛痘印温和淡化痘印青春痘粉刺淡化修复痘坑痘肌学生男女士 祛痘淡印膏一支68,68.00,2022-04-07
245,70799435420,面部护肤,套装/礼盒,德妃（DERMAFIRM）,德妃紫苏水乳套装 护肤品套装礼盒 全套爽肤水乳液 舒缓肌肤补水保湿 平衡控油细致毛孔 【舒缓控油】紫苏水200ml+紫苏乳200ml,248.00,2022-04-07
246,70899204234,面部护肤,套装/礼盒,迪奥（Dior）,【专柜正品】迪奥护肤品套装女士化妆品 肌活蕴能小样4件套精华+面霜+眼霜+精萃液,175.00,2022-04-07
247,71018864084,香水彩妆,口红,阿玛尼（ARMANI）,阿玛尼ARMANI口红405红管唇釉206 205哑光214气垫套装套盒礼盒生日礼物女 一生一世套装：红管405+红管208,489.00,2022-04-07
248,71173905097,面部护肤,乳液/面霜,艾珂薇（ACWELL）,韩国ACWELL艾珂薇n4面霜 高保湿补水清爽不油男女士舒缓护肤敏感肌保湿霜乳液 N4面霜50g,98.00,2022-04-07
249,71438184008,面部护肤,洁面,仁和匠心,仁和氨基酸洗面奶女男学生温和补水保湿控油提亮肤色抗痘女神深层清洁面部毛孔净化泡沫洁面乳大瓶装500g 500g 大瓶一支装,39.00,2022-04-07
250,71446457348,面部护肤,套装/礼盒,水密码,水密码套装雪颜萃滢亮皙白美白去斑化妆品护肤套装礼盒补水保湿提亮肤色 【洁面+水+乳+隔离霜】礼盒装,152.00,2022-04-07
251,71474034813,香水彩妆,口红,执手礼（ZHI SHOU LI）,执手礼情人节礼物送女友中国风口红礼盒套装女生生日礼物送老婆送姐姐老婆结婚纪念日实用 雕花礼盒套装音乐彩妆美妆套装,168.00,2022-04-07
252,71696667972,香水彩妆,唇彩唇蜜/唇釉,GUICAMI,网红款唇釉套装7支装雾面哑光口红唇膏防水不易掉色女士学生唇彩唇蜜唇釉口红礼盒套装三八妇女节礼物员工 空气唇釉7支套装,69.00,2022-04-07
253,71845313158,面部护肤,套装/礼盒,自然堂（CHANDO）,自然堂套装 凝时鲜颜水乳套装补水保湿淡纹提亮紧致雪润白嫩肌肤护肤品女 小规格洗面奶爽肤水乳液精华液 【补水嫩肤礼盒】凝时洁水乳90ml+6件礼,329.00,2022-04-07
254,71845313159,面部护肤,套装/礼盒,自然堂（CHANDO）,自然堂套装 凝时鲜颜水乳套装补水保湿淡纹提亮紧致雪润白嫩肌肤护肤品女 小规格洗面奶爽肤水乳液精华液 【保湿滋润套装】雪域水乳90ml精+5件礼,368.00,2022-04-07
255,71845313160,面部护肤,套装/礼盒,自然堂（CHANDO）,自然堂套装 凝时鲜颜水乳套装补水保湿淡纹提亮紧致雪润白嫩肌肤护肤品女 小规格洗面奶爽肤水乳液精华液 【皙白肌肤礼盒】雪润洁水乳90ml+早霜+晚霜,249.00,2022-04-07
256,71851535423,香水彩妆,口红,迪奥（Dior）,【送老婆生日礼物】迪奥(Dior)口红礼盒套装套盒999哑光送女友888口红香水礼盒女士唇膏520 【显白套装】迪奥999缎光+999哑光,536.00,2022-04-07
257,71869504173,香水彩妆,口红,迪奥（Dior）,【送老婆生日礼物】迪奥(Dior)口红礼盒套装套盒999哑光送女友888口红香水礼盒女士唇膏520 口红香水 迪奥999哑光+999丝绒+50ML香水,1200.00,2022-04-07
258,71976859456,面部护肤,套装/礼盒,水密码,水密码套装冰山矿泉补水保湿洁肤晶露眼霜精华乳液睡眠面膜美容液眼部精华乳脸部护肤礼盒装 红石榴四件套【洁面+水+乳+精华霜】,99.00,2022-04-07
259,72129407995,面部护肤,乳液/面霜,研春堂（YANCHUNTANG）,【3支49】研春堂祛痘淡印膏 anti-acne花恩诗男士青春痘曲林淡化痘印蔻桂坊亮肤达克修复学生施 祛痘淡印膏x2支,39.00,2022-04-07
260,72177744288,面部护肤,套装/礼盒,片仔癀（PIEN TZE HUANG）,片仔癀美白祛斑霜男女去斑霜套装 祛黄祛雀斑晒斑黄褐斑淡化黑色素补水保湿氨基酸洗面奶男女士护肤品 祛斑霜50g,139.00,2022-04-07
261,72192762819,香水彩妆,彩妆套装,泊泉雅,泊泉雅化妆品套装女士彩妆美妆礼盒工具用品新手初学者全套组合淡妆一套学生党女生底妆画装旅行装七夕送女友 自然色,98.00,2022-04-07
262,72321744330,面部护肤,套装/礼盒,百雀羚（PECHOIN）,百雀羚水嫩倍现盈透精华水100ml+水嫩倍现保湿精华乳液100ml补水保湿润肤收缩毛孔女神礼物 精华水+精华乳[全新],108.00,2022-04-07
263,72483101173,面部护肤,套装/礼盒,自然堂（CHANDO）,自然堂雪松精油御龄奢宠礼盒组合套装提拉补水保湿紧致淡化细纹抗皱官方旗舰护肤品店化妆品 套装④柔肤液+乳液+精华+御龄霜+眼霜+光感霜15,1218.00,2022-04-07
264,100002177732,美妆工具,化妆刷,优家（UPLUS）,优家UPLUS 55号魔术粉底刷化妆刷 自然无痕粉底刷花瓣多角平底刷（便携腮红刷遮瑕刷散粉刷）含保护盖,34.80,2022-04-07
265,100004013619,香水彩妆,粉底液/膏,阿玛尼（ARMANI）,阿玛尼（ARMANI）无痕持妆权力粉底液遮瑕不脱妆控油 30ml 3 冷调白皙 适合白皙肤色 彩妆礼物,412.00,2022-04-07
266,100004403993,美妆工具,睫毛夹,贝印（KAI）,贝印 （KAI）日本进口 弧度睫毛夹(19.5度) 持久卷翘 睫毛器,77.00,2022-04-07
267,100004789005,面部护肤,乳液/面霜,资生堂（SHISEIDO PROFESSIONAL）,资生堂 Shiseido 百优全新精纯乳霜 75ml 百优面霜 保湿滋润 锁水抗皱 护肤礼物,679.00,2022-04-07
268,100005040975,面部护肤,面部精华,梦妆（Mamonde）,梦妆(Mamonde)红色焕活肌底修护精华露30ml（红小胖）护肤品套装美妆 精华液,229.00,2022-04-07
269,100005223761,香水彩妆,口红,Christian Louboutin,克里斯提 鲁布托（Christian Louboutin）萝卜丁口红丝绒哑光唇膏3.8g#001M 经典红色 黑管哑光 彩妆礼物,799.00,2022-04-07
270,100005503806,香水彩妆,唇彩唇蜜/唇釉,STYLENANDA 3CE,3CE 三熹玉细管丝绒哑光唇釉唇彩唇蜜唇口红 #经典复古# TAUPE砖红色 韩国进口,109.00,2022-04-07
271,100005568041,面部护肤,套装/礼盒,黛珂（COSME DECORTE）,日本进口 黛珂Cosme Decorte植物欣韵水乳护肤护肤礼物 水200ml+乳200ml滋润型 干性肌肤 护肤礼物,579.00,2022-04-07
272,100005768047,面部护肤,防晒,黛珂（COSME DECORTE）,日本进口 黛珂Cosme Decorte多重防晒乳霜60g SPF50+水润养肤 持久隔离 （新老版本随机发货） 护肤礼物,285.00,2022-04-07
273,100005815161,美妆工具,睫毛夹,TOUCHBeauty,TOUCHBeauty渲美电动睫毛夹 电烫睫毛卷翘器局部电热睫毛夹睫毛器睫毛烫卷器持久定型自然卷翘充电款TB1859,149.00,2022-04-07
274,100005873821,面部护肤,套装/礼盒,肌肤之钥（Cle de Peau）,CPB肌肤之钥光采护肤套装礼盒 生日礼物（滋润型化妆水170ml+日乳125ml+夜乳125ml） 护肤礼盒,1599.00,2022-04-07
275,100005873825,面部护肤,套装/礼盒,肌肤之钥（Cle de Peau）,CPB 肌肤之钥（Cle de Peau）光采护肤礼盒 化妆水170ml+日霜50ml+晚霜50ml（新老版本随机发货） 护肤礼盒,1599.00,2022-04-07
276,100006262957,香水彩妆,口红,迪奥（Dior）,迪奥Dior口红全新烈艳蓝金唇膏缎光/滋润999#3.5g(唇膏女 经典正红 生日礼物送女友 送朋友）,319.00,2022-04-07
277,100006771483,面部护肤,套装/礼盒,兰芝（LANEIGE）,兰芝水库凝肌水乳精华护肤品套装清爽型(爽肤水200ml+乳液120ml+精华70ml+面霜睡眠面膜) 化妆品 礼物送女友,399.00,2022-04-07
278,100006771485,面部护肤,套装/礼盒,兰芝（LANEIGE）,兰芝臻白晶透水乳护肤品套装(爽肤水120ml+乳液100ml+精华7ml+水15ml+乳15ml) 化妆品套装礼物送女友,299.00,2022-04-07
279,100006776227,面部护肤,乳液/面霜,evm,EVM 寡肽紧致赋弹精华乳霜（清爽型）50g紧致细纹皱纹清爽保湿不油腻小银罐抗皱面霜,199.00,2022-04-07
280,100006811828,香水彩妆,口红,迪奥（Dior）,迪奥Dior口红化妆品套装(哑光999+护肤1ml/1.5ml随机*2+香水1ml 小样随机 唇膏女 送老婆 生日礼物送女友）,339.00,2022-04-07
281,100006879434,香水彩妆,口红,迪奥（Dior）,迪奥Dior2支装口红礼盒(全新烈艳蓝金唇膏丝绒999传奇红+丝绒860浆果酒红唇膏女 生日礼物送女友）,698.00,2022-04-07
282,100007004286,香水彩妆,粉饼,NARS,纳斯（NARS）流光美肌轻透蜜粉饼大白饼10g nars粉饼 定妆控油 持妆提亮 彩妆礼物,289.00,2022-04-07
283,100007090981,香水彩妆,口红,迪奥（Dior）,迪奥Dior口红全新烈艳蓝金唇膏哑光772#3.5g(唇膏女 干枯玫瑰色 送老婆 生日礼物送女友 送朋友),329.00,2022-04-07
284,100007111859,面部护肤,套装/礼盒,资生堂（SHISEIDO PROFESSIONAL）,日本进口 Shiseido资生堂悦薇珀翡紧颜亮肤水乳护肤礼物 滋润型 亮肤水150ml+乳100ml 护肤礼盒,1090.00,2022-04-07
285,100007232565,香水彩妆,眼影,完美日记（PERFECT DIARY）,完美日记探险家十二色眼影盘10锦鲤粉质细腻易上色持妆不飞粉14g 生日礼物,129.90,2022-04-07
286,100007512694,面部护肤,套装/礼盒,AHC,AHC 男士水乳洁面3件套洗面奶140ml+爽肤水120ml+乳液120ml 男士护肤品套盒韩国进口控油补水保湿,298.00,2022-04-07
287,100007852395,面部护肤,套装/礼盒,雪花秀,雪花秀套装 秘时臻金水乳护肤品套装(焕生水125ml+焕生乳125ml+精华面霜眼霜面膜) 化妆品 抗皱 礼物送女友,999.00,2022-04-07
288,100008172880,面部护肤,套装/礼盒,雪花秀,雪花秀套装 滋盈肌本水乳洁面护肤品套装(爽肤水125ml+乳液125ml+洗面奶200ml+精华面霜面膜) 礼物送女友,558.00,2022-04-07
289,100008262768,男士面部护肤,套装/礼盒,麦芙迪,麦芙迪男士美白护肤品套装（洁面乳+精华水+美白面霜 洗面奶男补水控油 保湿爽肤水乳液润肤礼盒 ）,199.90,2022-04-07
290,100008262770,男士面部护肤,男士乳液/面霜,麦芙迪,麦芙迪男士清爽保湿润肤乳50g（面霜男 补水擦脸油乳液护肤品）,59.90,2022-04-07
291,100008262784,男士面部护肤,男士乳液/面霜,麦芙迪,麦芙迪男士轻妆素颜霜50g（bb霜男 遮瑕痘印隔离面霜 懒人化妆品 保湿护肤乳液）,59.90,2022-04-07
292,100008348694,男士面部护肤,套装/礼盒,麦芙迪,麦芙迪男士补水护肤品套装（洁面乳+爽肤水+润肤霜 洗面奶男控油保湿 水乳面霜礼盒）,199.90,2022-04-07
293,100008556195,面部护肤,套装/礼盒,药都仁和,药都仁和祛痘套装（祛痘膏修护凝胶+冻干粉寡肽原液+控油抗痘洗面奶）男女士淡化痘印痘疤痘坑护肤套装,179.00,2022-04-07
294,100009252334,香水彩妆,口红,Christian Louboutin,克里斯提 鲁布托（Christian Louboutin）萝卜丁口红柔滑缎光唇膏3.8g 001 经典红色黑管缎光 彩妆礼物,799.00,2022-04-07
295,100009543219,面部护肤,洁面,药都仁和,仁和药业 植物复合净颜洁面乳150g（匠心男女士除螨洗面奶控油清洁补水 温和祛角质黑头祛螨虫抗痘收缩毛孔）,69.00,2022-04-07
296,100009889695,面部护肤,套装/礼盒,怡丽丝尔,日本进口 怡丽丝尔优悦活颜精华眼霜套盒（优悦活颜眼霜22g+蕴能凝时水18ml+蕴能凝时乳18ml）护肤礼盒,568.00,2022-04-07
297,100009940534,面部护肤,套装/礼盒,黛珂（COSME DECORTE）,日本进口 黛珂Cosme Decorte植物欣韵水乳护肤护肤礼物 水200ml+乳200ml清爽型 任何肌肤 护肤礼物,579.00,2022-04-07
298,100010352055,面部护肤,乳液/面霜,敷尔佳,敷尔佳 海绵骨针祛痘凝露 15g 深层净化 细滑肌肤 改善痘痘肌肤 收敛紧致毛孔,106.00,2022-04-07
299,100010405824,美妆工具,粉扑/洗脸扑,尔木萄（AMORTALS）,尔木萄(AMORTALS)美妆蛋化妆蛋彩妆蛋海绵蛋不吃粉粉扑化妆工具套装(3个装+蛋架),45.00,2022-04-07
300,100010524374,美妆工具,化妆棉,COCOVEL,COCOVEL蔻露薇 棉柔巾洗脸巾一次性洁面巾干湿两用型约80张/卷（棉柔触感 柔韧吸水 加厚擦脸巾 ）,58.90,2022-04-07
301,100010599350,面部护肤,套装/礼盒,后（The history of Whoo）,韩国进口 后Whoo 天率丹水乳霜护肤品7件套盒353ml（平衡水+乳液+面霜+精华) 免税版,1499.00,2022-04-07
302,100010618341,面部护肤,乳液/面霜,春娟,春娟黄芪保湿修复乳液100g(清爽补水滋润 平衡肌肤水油 经典国货),65.00,2022-04-07
303,100010759724,面部护肤,乳液/面霜,资生堂（SHISEIDO PROFESSIONAL）,日本进口 Shiseido资生堂悦薇珀翡紧颜亮肤乳滋润型 100ml国际版  护肤礼物,599.00,2022-04-07
304,100010880628,面部护肤,乳液/面霜,药都仁和,药都仁和药业祛痘膏22g匠心芦荟呵护凝胶痘印痘疤痘坑男女士中大学生青春痘闭口粉刺去痘精华套装膏,69.90,2022-04-07
305,100010917074,面部护肤,乳液/面霜,药都仁和,药都仁和美白祛斑霜匠心淡化斑黑色素祛雀斑黄褐斑痘印精华液露男女士晒后舒缓保湿贵妇膏素颜面霜套装产品,79.90,2022-04-07
306,100011248991,香水彩妆,口红,STYLENANDA 3CE,3CE 三熹玉细管唇膏丝绒雾面烟管口红 3.2g #魅惑砖红色#FLUFFY RED红丝绒 韩国进口,125.00,2022-04-07
307,100011251529,香水彩妆,彩妆套装,迪奥（Dior）,迪奥Dior王炸口红高定套装(缎光999+哑光888+哑光666+粉底液3ml+护肤3ml+香水1ml小样随机 送女友）,1058.00,2022-04-07
308,100011260180,面部护肤,乳液/面霜,同仁堂（TRT）,同仁堂美白祛斑霜套装 淡化斑美白提亮补水保湿套装 美白化妆品套装,279.00,2022-04-07
309,100011323932,香水彩妆,口红,迪奥（Dior）,迪奥Dior口红全新烈艳蓝金唇膏哑光999#3.5g(唇膏女 传奇正红 生日礼物 送女友 送朋友）,370.00,2022-04-07
310,100011565495,美妆工具,化妆棉,DR.WLEN,DR.WLEN一次性洗脸巾 加厚珍珠纹棉柔巾美容化妆棉女洗面巾洁面擦脸卷筒毛巾50抽,39.00,2022-04-07
311,100011780942,面部护肤,套装/礼盒,AHC,AHC B5玻尿酸水乳精华洗面奶7件套盒 韩国进口 ahc护肤品套盒 补水保湿 镇静舒缓 修护清洁,349.00,2022-04-07
312,100012031981,面部护肤,套装/礼盒,仁和,仁和 美白祛斑5件套装淡化黑色素雀斑晒斑黄褐斑老年斑妊娠斑补水保湿脸部精华男女士护肤化妆品套装,398.00,2022-04-07
313,100012340694,面部护肤,乳液/面霜,兰芝（LANEIGE）,兰芝(LANEIGE)乳液面霜 新水酷高保湿清润润肤霜50ml(清爽控油 补水保湿 护肤品化妆品 礼物女)油皮/混油皮,215.00,2022-04-07
314,100012340700,面部护肤,套装/礼盒,兰芝（LANEIGE）,兰芝 水库凝肌水乳霜护肤品套装清爽型(水200ml+乳120ml+面霜50ml+精华+睡眠面膜)化妆品套装 礼物送女友,379.00,2022-04-07
315,100012340704,面部护肤,套装/礼盒,兰芝（LANEIGE）,兰芝水库凝肌水乳精华护肤品套装滋润型(爽肤水200ml+乳液120ml+精华70ml+面霜睡眠面膜) 化妆品 礼物送女友,399.00,2022-04-07
316,100012674059,面部护肤,乳液/面霜,春娟,春娟黄芪霜30g(乳液面霜 滋养滋润防干裂 干皮适用 国货经典),39.80,2022-04-07
317,100012816457,香水彩妆,彩妆套装,迪奥（Dior）,迪奥（DIOR）魅惑润唇膏 #001 Pink+四色眼影盘001百搭高光盘套盒 生日礼物送女友,749.00,2022-04-07
318,100012960629,面部护肤,乳液/面霜,欧莱雅（LOREAL）,欧莱雅（LOREAL）女士复颜活力紧致视黄醇面霜护肤品大红罐 紧致滋润面霜/日霜50ml 护肤礼物,215.00,2022-04-07
319,100012976226,香水彩妆,口红,迪奥（Dior）,迪奥Dior口红全新烈艳蓝金唇膏哑光888#3.5g(唇膏女 橘红色 生日礼物送女友 送朋友）,329.00,2022-04-07
320,100012976232,香水彩妆,口红,迪奥（Dior）,迪奥Dior口红魅惑釉唇膏740#3.2g 新老款随机发货(唇膏女 烂番茄色 送老婆 生日礼物送女友）,329.00,2022-04-07
321,100013017716,面部护肤,套装/礼盒,黛珂（COSME DECORTE）,日本进口 黛珂 Cosme Decorte 紫苏水300ml+牛油果乳液300ml 护肤组合套装 改善粗糙 水润清 护肤礼盒,699.00,2022-04-06
322,100013017734,面部护肤,套装/礼盒,黛珂（COSME DECORTE）,日本进口 黛珂Cosme Decorte 紫苏水150ml+牛油果乳液150ml 水乳护肤套盒 改善粗糙 水润清透 护肤礼盒,439.00,2022-04-07
323,100013017738,面部护肤,套装/礼盒,资生堂（SHISEIDO PROFESSIONAL）,日本进口 Shiseido资生堂悦薇珀翡紧颜亮肤水乳护肤礼物 清爽型 亮肤水150ml+乳100ml 护肤礼盒,1090.00,2022-04-07
324,100013037996,香水彩妆,唇彩唇蜜/唇釉,迪奥（Dior）,迪奥Dior唇釉魅惑润唇膏004#3.5g(珊瑚色 滋润保湿 送女友 新版本3.2g)新老版本随机发货,309.00,2022-04-07
325,100013038018,香水彩妆,唇彩唇蜜/唇釉,迪奥（Dior）,迪奥Dior魅惑润唇膏001#3.5g(粉红色 滋润保湿 送女友 新版本3.2g)新老版本随机发货,319.00,2022-04-07
326,100013563395,面部护肤,套装/礼盒,馥蕾诗（Fresh）,馥蕾诗（Fresh）玫瑰保湿护肤三件套（大马士革爽肤水250ml+玫瑰精华100ml+玫瑰面霜50ml）,699.00,2022-04-07
327,100013705379,面部护肤,洁面,药都仁和,仁和药业除螨洗面奶200g 水杨酸洗面奶男女士控油抗痘 匠心深层洁净祛黑头祛角质 温和不刺激泡沫洁面乳,79.00,2022-04-07
328,100013769769,香水彩妆,眼影,SUQQU,日本进口 SUQQU晶采盈致眼彩盘03色号 四色眼影盘6.2g 闪粉珠光哑光持久显色不飞粉 友好彩妆,529.00,2022-04-07
329,100013800452,美妆工具,睫毛夹,悠珂思（ukiss）,悠珂思（ukiss）睫毛夹睫毛弯弯便携睫毛夹02#冰透粉（局部小巧迷你便携式睫毛卷翘器 持久卷翘初学者）,9.90,2022-04-07
330,100013934917,面部护肤,套装/礼盒,怡丽丝尔,日本进口 怡丽丝尔（ELIXIR）优悦活颜弹润水乳套装   滋润保湿浸润肌肤 滋润型 护肤礼盒,488.00,2022-04-07
331,100014448019,面部护肤,套装/礼盒,敷尔佳,敷尔佳 祛痘组合（水杨酸果酸面膜100g+祛痘凝露15g）深层净化 细滑肌肤 改善痘痘肌肤 收敛紧致毛孔,232.00,2022-04-07
332,100014657627,香水彩妆,口红,古驰（GUCCI）,古驰(GUCCI)倾色丝润 小碎花水光口红#25 水润番茄红 3.5g 生日礼物送女友  彩妆礼盒,329.00,2022-04-07
333,100014676991,面部护肤,套装/礼盒,仁和匠心,仁和匠心美白祛斑精华霜去淡化雀斑黄褐斑老年斑晒斑遗传斑黑色素精华霜素颜霜男士女士保湿面霜美白祛斑套装,119.00,2022-04-07
334,100014676997,面部护肤,乳液/面霜,仁和匠心,仁和匠心美白祛斑霜淡化雀斑遗传斑晒斑老年斑黄褐斑男女士护肤化妆品精华霜祛斑膏20g,79.00,2022-04-07
335,100015070419,面部护肤,套装/礼盒,雪玲妃（Xuelinfe）,雪玲妃（Xuelinfe）雪玲妃神经酰胺水乳套装水100ml+乳90ml 护肤品化妆品女学生控油清爽保湿补水,89.00,2022-04-07
336,100015070453,身体护理,手部护理,雪玲妃（Xuelinfe）,雪玲妃乳木果护手霜50g保湿滋润呵护双手秋冬滋润,59.90,2022-04-07
337,100015118784,面部护肤,套装/礼盒,后（The history of Whoo）,韩国进口 后Whoo 天气丹花献滋养皇后护肤品11件套盒装465ml(水+乳+面霜+眼霜+精华),2199.00,2022-04-06
338,100015143094,面部护肤,乳液/面霜,春娟,春娟黄芪霜升级版30g(面霜乳液 清爽型保湿滋润 经典国货),39.80,2022-04-07
339,100015339016,男士面部护肤,男士乳液/面霜,麦芙迪,麦芙迪男士美白精华面霜50g（补水保湿滋润 擦脸控油乳液护肤品）,79.90,2022-04-07
340,100015424339,面部护肤,乳液/面霜,同仁堂,同仁堂控油祛痘膏草本淡痘印淡化痘坑痘疤保湿祛痘凝胶霜青春逗上火痘面部闭口粉刺祛痘产品25g,98.00,2022-04-07
341,100015635971,面部护肤,乳液/面霜,同仁堂（TRT）,同仁堂美白祛斑霜 斑点去斑雀斑黄褐斑妊娠斑老年斑晒斑补水保湿素颜霜面霜精华淡化斑霜30g/瓶,138.00,2022-04-07
342,100015742658,美妆工具,其他美妆工具,悠珂思（ukiss）,悠珂思（ukiss）不锈钢圆头鼻毛剪刀（圆头剪 化妆剪 美容剪 鼻毛修剪器 眉剪 鼻毛器修剪鼻毛胡须鬓角安全）,7.50,2022-04-07
343,100015994058,香水彩妆,口红,露华浓（Revlon）,露华浓(Revlon)口红 丽采唇膏#225棕调豆沙4.2g 保湿滋润唇膏女 持久显色 黄皮显白 新年礼物,77.00,2022-04-07
344,100016004286,香水彩妆,眼影,花西子,花西子百鸟朝凤浮雕彩妆盘/雕花眼影盘高光珠光修容腮红多功能盘礼物送女友-02百鸟朝凤（9色橘棕盘）,259.00,2022-04-07
345,100016070130,面部护肤,乳液/面霜,梦妆（Mamonde）,梦妆(Mamonde)山茶塑颜面霜50ml 护肤品套装 化妆品美妆 男女士乳液 保湿滋润,269.00,2022-04-07
346,100016240266,男士面部护肤,男士润唇膏,麦芙迪,麦芙迪男士润唇膏3.3g（防干裂脱皮起皮男生口油 补水保湿滋润 无色薄荷嘴唇女）,39.90,2022-04-07
347,100016265821,男士面部护肤,套装/礼盒,极男,极男SOULMAN 男士美白水润3件套 护肤品套装 护肤品男男士护肤（美白洗面奶+爽肤+保湿乳）480ml,199.90,2022-04-07
348,100016349674,香水彩妆,口红,迪奥（Dior）,迪奥Dior口红全新烈艳蓝金唇膏丝绒720#3.5g(唇膏女 豆沙红棕 送老婆 生日礼物送女友）,319.00,2022-04-07
349,100016349728,香水彩妆,口红,迪奥（Dior）,迪奥Dior口红全新烈艳蓝金唇膏丝绒840#3.5g(唇膏女 枫叶砖红 生日礼物送女友）,329.00,2022-04-07
350,100016506871,美妆工具,睫毛夹,植村秀（shu uemura）,植村秀（shu uemura）王一博同款专业睫毛夹 自然卷翘 持久定型,180.00,2022-04-06
351,100016600200,面部护肤,套装/礼盒,药都仁和,药都仁和补水保湿提亮肤色水乳护肤品套装匠心 烟酰胺水乳男女士适用（爽肤水180ml+保湿乳液118g）,138.00,2022-04-07
352,100016613797,面部护肤,套装/礼盒,仁和匠心,仁和祛斑五件套霜美白烟酰胺提美容院亮保湿补水护肤套装雀斑,398.00,2022-04-07
353,100016710860,香水彩妆,蜜粉/散粉,黛珂（COSME DECORTE）,黛珂 COSME DECORTE AQMW蜜粉散粉柔光缎采隐形毛孔控油定妆  00号 20g 彩妆礼物,375.00,2022-04-07
354,100016727486,香水彩妆,口红,迪奥（Dior）,迪奥Dior口红全新烈艳蓝金唇膏哑光846#3.5g(唇膏女 番茄柿红 生日礼物送女友）,329.00,2022-04-07
355,100016753765,香水彩妆,口红,迪奥（Dior）,迪奥Dior烈艳蓝金唇膏高订套装花境梦工坊限量口红(丝绒999+丝绒862+缎光466+哑光858)送女友,1599.00,2022-04-07
356,100017010320,面部护肤,面膜,药都仁和,仁和药业 水杨酸祛痘面膜补水面膜 温和水杨酸匠心祛痘清痘淡痘印祛粉刺黑头闭口 控油收缩毛孔男女士10片,79.00,2022-04-07
357,100017269243,香水彩妆,口红,纪梵希（Givenchy）,纪梵希（Givenchy）明星彩妆礼盒套装自营 散粉1号+红丝绒口红N37 送女友 生日礼物女,950.00,2022-04-07
358,100017553183,香水彩妆,眼影,Color Key,colorkey 珂拉琪萌虎十色彩妆盘 02曜橘王者 13.5g 多色眼影细闪亮片哑光高光细腻虎年限定礼物,129.00,2022-04-07
359,100017580285,香水彩妆,口红,迪奥（Dior）,迪奥Dior虎年限量版烈艳蓝金唇膏套装(丝绒999+720+909+668+840 畅销色集合 送女友 送老婆 礼物 ）,1759.00,2022-04-07
360,100017743188,面部护肤,乳液/面霜,萃然美（BEACUIR）,南京同仁堂生物科技 维生素E乳秋冬季补水保湿VE身体乳液面霜女男全身护手霜滋润霜 萃然美维生素E乳100g,29.70,2022-04-07
361,100017744446,面部护肤,套装/礼盒,欧莱雅（LOREAL）,欧莱雅（LOREAL）金致臻颜花蜜水乳礼盒护肤套装生日表白礼物送女友送老婆（精华蜜+乳液）,519.00,2022-04-07
362,100017868829,香水彩妆,口红,迪奥（Dior）,迪奥Dior口红千鸟格烈艳蓝金唇膏哑光772(新风貌限量版)#3.5g(口红 唇膏女 干枯玫瑰 礼物送女友 送朋友),439.00,2022-04-07
363,100017884311,香水彩妆,眼影,NYX,NYX40色眼影盘女王盘QUEEN40g/盒彩妆盘哑光珠光闪粉高光大地色暖色系 节日生日礼物送女友,309.00,2022-04-07
364,100017884859,香水彩妆,口红,纪梵希（Givenchy）,纪梵希（Givenchy）彩妆告白礼盒 散粉1号+棒棒糖唇膏N520 口红  生日礼物女,915.00,2022-04-07
365,100017926487,面部护肤,乳液/面霜,南京同仁堂,南京同仁堂祛斑霜美白去斑男女士雀斑黄褐斑晒斑妊娠斑淡化黑色素祛斑产品35g,128.00,2022-04-06
366,100018159559,面部护肤,套装/礼盒,肤漾（Foryon）,肤漾Foryon 油皮水乳套装控油敏肌修护清爽补水男女护肤品套装（水140ml+修护乳95ml+水活霜50g),389.00,2022-04-07
367,100018380766,香水彩妆,彩妆套装,花西子,【东方礼】花西子东方佳人妆奁彩妆套装化妆品全套初学者组合散粉送女生生日结婚礼物妆奁一,699.00,2022-04-06
368,100018400672,美妆工具,化妆棉,屈臣氏（Watsons）,屈臣氏 珍珠纹洗脸巾80片约300g 干湿两用加厚洁面巾适用女洗脸巾一次性洁面化妆棉卸妆棉,26.00,2022-04-07
369,100018558102,面部护肤,套装/礼盒,兰芝（LANEIGE）,兰芝深海焕能紧致水乳护肤品套装(爽肤水180ml+乳液125ml) 化妆品套装 男士护肤品 生日礼物送男友,309.00,2022-04-07
370,100018558104,香水彩妆,隔离霜/妆前乳,兰芝（LANEIGE）,兰芝(LANEIGE) 水光修颜新版隔离霜 #40 紫色 (修饰泛黄肌肤 隔离乳妆前乳 保湿遮瑕 粉底 化妆品）韩国进口,239.00,2022-04-07
371,100018578551,面部护肤,面部精华,雪玲妃（Xuelinfe）,雪玲妃4D玻尿酸精华水嫩肤提亮肤色润肤烟酰胺精华水女300ml大容量,59.90,2022-04-07
372,100018939001,香水彩妆,唇彩唇蜜/唇釉,迪奥（Dior）,迪奥Dior魅惑丰唇蜜001 #6ml  (少女粉红色 润唇膏 保湿滋润嘟嘟 送女友),319.00,2022-04-07
373,100019117738,香水彩妆,眼影,美颜笔记,美颜笔记九色眼影盘闪粉珠光哑光持久防水不易飞粉超火ins初学者大地色眼影#闪爆金桔色12g,29.00,2022-04-07
374,100019169085,香水彩妆,唇彩唇蜜/唇釉,阿玛尼（ARMANI）,【官方入驻】阿玛尼（ARMANI）红管唇釉丝绒哑光口红持久滋润宝藏红棕色206 女生化妆品彩妆口红生日礼盒礼物,310.00,2022-04-07
375,100019169093,香水彩妆,口红,阿玛尼（ARMANI）,【官方入驻】阿玛尼（ARMANI）权力唇膏持久润泽镜面滋润保湿口红显白权能番茄405 女化妆品彩妆口红礼盒礼物,350.00,2022-04-07
376,100019169115,香水彩妆,口红,阿玛尼（ARMANI）,【官方入驻】阿玛尼（ARMANI）红黑管挚爱哑光唇膏口红雾面滋润易上色烂番茄红405 女化妆品彩妆口红礼盒礼物,350.00,2022-04-06
377,100019169121,香水彩妆,口红,阿玛尼（ARMANI）,【官方入驻】阿玛尼（ARMANI）红黑管挚爱哑光唇膏口红雾面滋润易上色干枯玫瑰105 女化妆品彩妆口红礼盒礼物,350.00,2022-04-07
378,100019212742,面部护肤,套装/礼盒,春娟,【节日礼物送女友送长辈】春娟黄芪国粹礼盒装(洁面120g+水120ml+乳100g+霜50g+眼霜15g+精华30ml)6件套礼盒,308.00,2022-04-07
379,100019213350,香水彩妆,眼影,NYX,nyx眼影40色眼影盘彩妆哑光珠光闪粉高光日常舞台美妆眼妆乌托邦莫兰迪色40g/盘 节日生日礼物送女友,324.00,2022-04-06
380,100019213370,香水彩妆,眼影,NYX,nyx眼影16色眼影盘彩妆哑光珠光闪粉高光日常舞台妆美妆眼妆乌托邦莫兰迪色13.28g/盘 节日生日礼物送女友,199.00,2022-04-07
381,100019494200,美妆工具,美妆工具套装,AOLANLA,AOLANLA 美容硅胶面膜刷面膜碗套装调膜碗涂泥膜棒自制面膜和刷子家用敷面膜美妆工具,68.00,2022-04-07
382,100019645813,面部护肤,乳液/面霜,同仁堂,同仁堂 美白祛斑霜淡化雀斑黄褐斑老年斑妊娠斑素颜霜面霜男女精华膏去护肤品套装 30g,99.00,2022-04-07
383,100019682753,面部护肤,套装/礼盒,希芸（syrinx）,希芸新幻时凝润护肤时光礼盒滋润紧致保湿柔和呵护舒缓送礼物女,460.00,2022-04-07
384,100019790829,香水彩妆,唇彩唇蜜/唇釉,阿玛尼（ARMANI）,【官方入驻】阿玛尼（ARMANI）MyWay香水礼盒红管唇釉405+MYWAY香水30ml 女口红唇膏化妆品彩妆套装礼盒礼物,1090.00,2022-04-07
385,100019790871,香水彩妆,气垫BB/BB霜,阿玛尼（ARMANI）,【官方入驻】阿玛尼（ARMANI）红气垫菁华粉底液油皮挚爱控油遮瑕提亮保湿 #2琉光红钻 女化妆品彩妆礼盒礼物,790.00,2022-04-07
386,100019790889,香水彩妆,唇彩唇蜜/唇釉,阿玛尼（ARMANI）,【官方入驻】阿玛尼（ARMANI）传奇红管礼盒红管唇釉#405烂番茄红+#214暧昧奶杏 女口红唇膏彩妆套装礼盒礼物,620.00,2022-04-07
387,100019833385,香水彩妆,彩妆套装,花西子,【东方礼】花西子东方佳人妆奁彩妆套装化妆品全套初学者组合散粉送女生生日结婚礼物 多肤质适用防晒组合,799.00,2022-04-07
388,100020593694,面部护肤,乳液/面霜,修正,修正淡斑霜3支装 凝肌透白淡斑霜祛斑霜净白透亮去斑霜淡化斑点去雀斑黄褐斑妊娠斑老年斑男士女士通用,179.80,2022-04-07
389,100021098410,香水彩妆,唇彩唇蜜/唇釉,STYLENANDA 3CE,3CE 三熹玉细管丝绒唇釉哑光唇彩唇蜜口红 #玛萨拉红色#DAFFODIL豆沙红 韩国进口,119.00,2022-04-07
390,100021208618,香水彩妆,唇彩唇蜜/唇釉,迪奥（Dior）,迪奥Dior全新烈艳蓝金锁色唇釉626#6ml(红茶棕 生日礼物送女友 送朋友）,329.00,2022-04-07
391,100021531082,香水彩妆,蜜粉/散粉,迪奥（Dior）,迪奥Dior凝脂恒久锁妆气垫蜜粉10g#浅米色(定妆持久持妆散粉轻薄)生日礼物送女友,520.00,2022-04-07
392,100022834542,香水彩妆,口红,古驰（GUCCI）,古驰(GUCCI)倾色绒雾唇膏 金管哑光口红#505 焦糖枫叶红 3.5g 生日礼物送女友 彩妆礼盒,339.00,2022-04-07
393,100022898420,香水彩妆,口红,古驰（GUCCI）,古驰(GUCCI)倾色华缎唇膏 金管缎光口红#505 焦糖枫叶红 3.5g 生日礼物送女友  彩妆礼盒,329.00,2022-04-07
394,100022898442,香水彩妆,口红,古驰（GUCCI）,古驰(GUCCI)倾色华缎唇膏 金管缎光口红#25 显白水红色  3.5g 生日礼物送女友  彩妆礼盒,329.00,2022-04-07
395,100022898444,香水彩妆,口红,古驰（GUCCI）,古驰(GUCCI)倾色绒雾唇膏 金管哑光口红#208 乌龙奶茶 3.5g 生日礼物送女友  彩妆礼盒,329.00,2022-04-07
396,100023199748,面部护肤,套装/礼盒,仁和,仁和 去黑头套装收缩毛孔粉刺闭口清洁导出精华液鼻贴鼻膜,158.00,2022-04-07
397,100023345034,香水彩妆,唇彩唇蜜/唇釉,阿玛尼（ARMANI）,阿玛尼（ARMANI）臻致丝绒哑光唇釉 口红 208 日出奶橘咖 6.5ml 彩妆礼物,218.00,2022-04-07
398,100023771384,面部护肤,套装/礼盒,仁和,仁和 美白祛斑套装祛斑美白面膜祛斑霜淡化斑点祛黄提亮保湿补水面膜 男女士祛斑霜2瓶+祛斑面膜20片,227.00,2022-04-07
399,100024296466,香水彩妆,口红,迪奥（Dior）,迪奥Dior全新烈艳蓝金唇膏限量4支套装(哑光999+哑光772+丝绒720+丝绒840) 口红礼盒 送女友 送老婆,1299.00,2022-04-07
400,100024578630,面部护肤,乳液/面霜,欧莱雅（LOREAL）,欧莱雅（LOREAL）女士复颜活力紧致视黄醇面霜护肤品大红罐 紧致滋润面霜/晚霜50ml 护肤礼物,218.00,2022-04-07
401,100024961558,面部护肤,乳液/面霜,欧莱雅（LOREAL）,欧莱雅（LOREAL）太空霜安瓶精华面霜50ml补水 保湿 滋润 护肤礼物,319.00,2022-04-07
402,100025318492,香水彩妆,口红,Christian Louboutin,Christian Louboutin路铂廷 CL萝卜丁口红女王权杖黑管 001M 经典红 哑光口红 礼盒 生日礼物送女友送朋友,880.00,2022-04-07
403,100025382318,香水彩妆,口红,迪奥（Dior）,迪奥Dior口红全新烈艳蓝金唇膏丝绒668#3.5g(口红唇膏女 惊艳红 送老婆 生日礼物送女友）,329.00,2022-04-07
404,100025792188,面部护肤,润唇膏,小蜜蜂（Burt'sBees）,Burt's Bees伯特小蜜蜂 润唇膏 天然紧急修护 姜黄素黄金滋养唇膏 滋润薄荷  舒缓维稳  4.25g 美国进口,65.00,2022-04-07
405,100026423200,面部护肤,套装/礼盒,怡丽丝尔,日本进口 怡丽丝尔（ELIXIR）优悦活颜弹润水乳套装  清爽保湿浸润肌肤  清爽型 护肤礼盒,488.00,2022-04-07
406,100026812644,面部护肤,套装/礼盒,敷尔佳,敷尔佳 积雪草水乳洁面3件套（舒缓水100ml+修护乳50ml+洁面泡泡150ml）敏感肌温和深层清洁补水保湿,316.00,2022-04-07
407,100026812652,面部护肤,套装/礼盒,敷尔佳,敷尔佳 积雪草水乳套装（舒缓水100ml+修护乳50ml）透明质酸钠敏感肌保湿补水,218.00,2022-04-07
408,100027068266,面部护肤,套装/礼盒,绽妍（JUYOU）,绽妍维生素原B5精润水霜套装（爽肤水100ml+面霜50g）面部补水保湿控油护肤化妆品套装,238.00,2022-04-07
409,100027068288,面部护肤,套装/礼盒,绽妍（JUYOU）,绽妍维生素原B5精润水乳套装（爽肤水100ml+乳液50g）面部补水保湿护肤化妆品套装敏感肌礼物,228.00,2022-04-07
410,100027181744,美妆工具,粉扑/洗脸扑,尔木萄（AMORTALS）,尔木萄 (AMORTALS)气垫粉扑套装斗转星移（4枚+支架）干湿两用美妆蛋三角粉扑水滴形化妆蛋粉底扑不易吃粉,33.90,2022-04-06
411,100027243292,香水彩妆,口红,迪奥（Dior）,迪奥Dior传奇闪亮套装(魅惑润唇膏001#粉色+烈艳蓝金唇膏哑光999#传奇红)口红持久显色 唇膏滋润 生日礼物,678.00,2022-04-06
412,100027746722,面部护肤,套装/礼盒,雪玲妃（Xuelinfe）,雪玲妃 Xuelinfe 神经酰胺舒服水乳套装护肤品女补水保湿清爽型敏感肌修护水200g+修护乳180g）,139.00,2022-04-06
413,100027864850,面部护肤,套装/礼盒,AHC,AHC 黄金蜗牛玻尿酸水乳洁面7件套装375ml 韩国进口 ahc护肤品套盒 补水保湿 改善暗沉 滋润清爽,349.00,2022-04-06
414,100027864862,面部护肤,套装/礼盒,欧蕙（OHUI）,韩国进口欧蕙OHUITheFirst欧惠源生至臻修护水乳霜护肤品套盒9件套424ml(水+乳+面霜+精华+洁面）礼盒套装,599.00,2022-04-06
415,100028215268,面部护肤,乳液/面霜,同仁堂,同仁堂美白祛斑霜去斑淡化斑点黄褐斑雀斑老年斑孕斑50g,158.00,2022-04-06
416,100028281738,面部护肤,乳液/面霜,仁和匠心,仁和匠心美白祛斑霜淡化雀斑遗传斑晒斑老年斑黄褐斑男女士护肤化妆品精华霜祛斑膏20g,79.00,2022-04-06
417,100028281768,面部护肤,乳液/面霜,仁和匠心,仁和匠心祛痘凝胶祛痘膏芦荟凝胶淡化痘印痘疤痘坑粉刺丹参修护凝胶男女士青春痘闭口22g,69.00,2022-04-06
418,100028573490,面部护肤,乳液/面霜,修正,修正祛痘膏淡痘印草本植萃痘肌修护凝胶淡化痘疤痘坑芦荟胶祛痘产品套装男女青春痘粉刺精华面霜,69.00,2022-04-06
419,100028600438,美妆工具,修眉刀,古迪,古迪GOOOD日本进口安全修眉刀（3把装）防护网不易伤肤 初学者剃眉刀塑眉形 刮眉毛刀 盒装便捷,15.80,2022-04-06
420,100028785618,面部护肤,套装/礼盒,SNOOPY,史努比SNOOPY 学生祛痘套装 青春痘粉刺  青少年护肤品 祛痘修护套装（洁面乳+祛痘收缩水+痘胶膏）,88.00,2022-04-06
421,100029951964,面部护肤,套装/礼盒,药都仁和,药都仁和水乳套装男女美白祛斑补水保湿提拉淡纹改善粗糙（精华水+精华乳+美白祛斑面霜）护肤品礼盒,169.00,2022-04-06
422,100030517956,香水彩妆,口红,古驰（GUCCI）,古驰(GUCCI)挚爱优雅唇膏礼盒 (绒雾505+丝润25) 生日礼物送女友  彩妆礼盒,549.00,2022-04-06
423,100031289910,面部护肤,套装/礼盒,肤漾（Foryon）,肤漾 Foryon 油皮控油修护水乳套装水油平衡敏感补水保湿男女（水140ml+修护乳95ml),229.00,2022-04-06
424,100032029898,面部护肤,面部精华,南京同仁堂,南京同仁堂美白祛斑精华熊果苷精华液淡化斑点去黄祛斑产品男女100ml,128.00,2022-04-06
425,100032029994,面部护肤,乳液/面霜,南京同仁堂,南京同仁堂 祛痘膏淡化痘印男女士青春痘闭口粉刺痘坑呵护痘肌去痘,68.00,2022-04-06
426,100032378218,面部护肤,套装/礼盒,肤漾（Foryon）,肤漾 Foryon 面部护肤套装控油全套补水保湿修护男女护肤品（洁面+水+乳+霜+精华）,589.00,2022-04-06
427,100032378248,面部护肤,套装/礼盒,肤漾（Foryon）,肤漾 Foryon 肤漾 洁面100ml+控油水140ml+乳液95+爆水面霜50g,429.00,2022-04-06
428,100032514618,面部护肤,乳液/面霜,同仁堂,同仁堂美白祛斑霜 雀斑黄褐斑妊娠斑晒斑老年斑祛斑产品保湿补水护肤素颜面霜精华套装 一瓶装30g,99.00,2022-04-06
429,100032546168,面部护肤,乳液/面霜,同仁堂,同仁堂美白祛斑霜  斑点去斑雀斑黄褐斑妊娠斑老年斑保湿补水素颜面霜精华祛斑套装产品祛斑膏男女士30g/瓶,128.00,2022-04-06
430,100032777914,香水彩妆,彩妆套装,迪奥（Dior）,迪奥Dior限量千鸟格锁妆口红高定套装(凝脂气垫1N+丝绒999+3ml护肤+香水1ml随机 情人节礼物 送女友）,1058.00,2022-04-06
431,100032777954,香水彩妆,口红,迪奥（Dior）,迪奥Dior双支口红高定套装(烈艳蓝金唇膏哑光999传奇红+丝绒840枫叶砖红+护肤1ml+香水1ml 礼物 送女友）,698.00,2022-04-06
432,100032777956,香水彩妆,彩妆套装,迪奥（Dior）,迪奥Dior口红香氛高定套装(花漾淡香30ml+哑光999#传奇红+护肤3ml+护肤1ml小样随机 礼物送女友）,968.00,2022-04-06
433,100032828144,面部护肤,乳液/面霜,仁和匠心,仁和匠心水杨酸多效祛痘平衡霜30g 草本祛痘膏淡化痘印痘疤痘坑面霜闭口粉刺青春痘男女学生,59.00,2022-04-06
434,100032952626,香水彩妆,彩妆套装,迪奥（Dior）,迪奥Dior随行体验装(真我女士香水1ml+肌活蕴能乳霜1ml) 女士香水 护肤面霜  花香调 滋养补水 体验装,47.00,2022-04-06
435,100032952646,香水彩妆,彩妆套装,迪奥（Dior）,迪奥Dior随行体验装(真我女士香水1ml+肌活蕴能精华1ml)  非卖品 女士香水  护肤精华  花香调 补水保湿,71.00,2022-04-06
436,100033280796,香水彩妆,口红,纪梵希（Givenchy）,纪梵希（Givenchy）【直播专享】明星彩妆礼盒套装自营 散粉1号+红丝绒口红N37 送女友 生日礼物女,950.00,2022-04-06
437,100033280832,香水彩妆,彩妆套装,欧莱雅（LOREAL）,欧莱雅(LOREAL)小金牌养肤粉底液30ml+妆前乳30ml 滋润底妆遮瑕隔离控油保湿彩妆套装礼盒 生日礼物送女友,499.00,2022-04-06
438,100033299072,香水彩妆,口红,古驰（GUCCI）,古驰(GUCCI)倾色绒雾唇膏 金管哑光口红#25(限量版)橘调苹果红 3.5g 生日礼物送女友  彩妆礼盒,339.00,2022-04-06
439,100033696258,香水彩妆,彩妆套装,迪奥（Dior）,迪奥Dior口红香氛高定礼盒(烈艳蓝金哑光999+花漾淡香氛30ml 口红礼盒 女士香水 传奇红 送女友 生日礼物),999.00,2022-04-06
440,100033696302,香水彩妆,彩妆套装,迪奥（Dior）,迪奥Dior香氛口红高定限量礼盒(花漾随行淡香20ml+丝绒999#传奇正红  女士香水 口红 唇膏 送女友 生日礼物),758.00,2022-04-06
441,100033881670,面部护肤,乳液/面霜,仁和匠心,仁和匠心六胜肽抗皱面霜淡化细纹干纹精华乳霜补水保湿湿滋紧致提亮肤色男女士通用50g,99.00,2022-04-04
442,100033887156,香水彩妆,口红,阿玛尼（ARMANI）,【官方入驻】阿玛尼（ARMANI）权力唇膏持久润泽镜面滋润保湿口红控场棕红202 女生化妆品彩妆口红礼盒礼物,350.00,2022-04-06
443,100033887198,香水彩妆,唇彩唇蜜/唇釉,阿玛尼（ARMANI）,【官方入驻】阿玛尼（ARMANI）甄选红管唇釉三色礼盒烂番茄丝绒口红滋润205/206/405 女生化妆品彩妆礼盒礼物,520.00,2022-04-06
444,100033887256,香水彩妆,唇彩唇蜜/唇釉,阿玛尼（ARMANI）,阿玛尼（ARMANI）红管唇釉丝绒哑光口红持久滋润自然暧昧奶杏色214 女生化妆品彩妆口红生日纪念日礼盒礼物,310.00,2022-04-06
445,100033887258,香水彩妆,唇彩唇蜜/唇釉,阿玛尼（ARMANI）,【官方入驻】阿玛尼（ARMANI）红管唇釉丝绒哑光口红持久滋润显白人气烂番茄405 女生化妆品彩妆口红礼盒礼物,310.00,2022-04-06
446,100033887268,香水彩妆,唇彩唇蜜/唇釉,阿玛尼（ARMANI）,【官方入驻】阿玛尼（ARMANI）红管唇釉丝绒哑光口红粉调滋润易上色玫瑰豆沙501 女生化妆品彩妆口红礼盒礼物,310.00,2022-04-06
447,100034089562,香水彩妆,口红,汤姆福特（TOM FORD）,【官方入驻】TOM FORD经典黑管奶油 TF口红16斯嘉丽红 显白番茄红 唇膏 送女朋友 生日礼物,465.00,2022-04-06
448,100034655998,面部护肤,套装/礼盒,希芸（syrinx）,希芸新水漾补水保湿面部护肤套装化妆品女士补水滋润肌肤敏感肌适用,315.00,2022-04-06
449,100034792762,面部护肤,套装/礼盒,美妆印（meizhuangyin）,美妆印复活草燕窝奢养沁润护肤套装（洗面奶爽肤水乳液面霜眼霜精华液BB霜）补水乳套装女护肤品送礼套盒,169.00,2022-04-06
450,100034819516,香水彩妆,口红,阿玛尼（ARMANI）,【官方入驻】阿玛尼（ARMANI）权力唇膏礼盒#权能番茄405+#控场棕红202 女生口红唇膏化妆品彩妆套装礼盒礼物,700.00,2022-04-06
451,10020073668592,香水彩妆,口红,古驰（GUCCI）,【送女生生日礼物】古驰（GUCCI）口红礼盒香水女505哑光华缎绒雾唇膏送老婆生日礼物  金管505绒雾哑光+小碎花25 滋润【挚爱套装】,458.00,2022-04-06
452,10020079780485,面部护肤,乳液/面霜,精心,【自营配送】北京协和医院研制精心硅霜硅E乳护肤品保湿乳滋润 精心硅霜60g,23.00,2022-04-06
453,10020079780486,面部护肤,乳液/面霜,精心,【自营配送】北京协和医院研制精心硅霜硅E乳护肤品保湿乳滋润 精心硅霜100g,32.00,2022-04-06
454,10020079780487,面部护肤,乳液/面霜,精心,【自营配送】北京协和医院研制精心硅霜硅E乳护肤品保湿乳滋润 精心硅霜280g,76.00,2022-04-06
455,10020141352227,面部护肤,套装/礼盒,欧莱雅（LOREAL）,欧莱雅补水套装女清润葡萄籽护肤品礼盒节日礼物送女友洗面奶水乳面霜化妆品补水保湿提亮肤色 【礼盒4件套】洁面+膜力水+乳液+膜力霜,200.00,2022-04-06
456,10020157240177,面部护肤,套装/礼盒,雪玲妃（SNEFE）,雪玲妃二裂酵母水乳套装面部护理护肤套装学生女男补水保湿控油 补水保湿2件套 美肌水120ml+美肌乳100ml,49.90,2022-04-06
457,10020188941426,面部护肤,乳液/面霜,研春堂（YANCHUNTANG）,【3支49】研春堂祛痘淡印膏 anti-acne花恩诗男士青春痘曲林淡化痘印蔻桂坊亮肤达克修复学生施 祛痘淡印膏（共发三支）,49.00,2022-04-06
458,10020268769700,香水彩妆,口红,多唯呀（Duvya）,口红礼盒彩妆香水化妆品套装生日礼物女生情人节礼物送女友老婆女朋友惊喜浪漫表白女神实用结婚纪念日老婆 曜夜星河彩妆礼盒,520.00,2022-04-06
459,10020354760858,香水彩妆,口红,阿玛尼（ARMANI）,阿玛尼ARMANI口红405红管唇釉206 205哑光214气垫套装套盒礼盒生日礼物女 生生世世套装：405#400#206#208#,1032.00,2022-04-04
460,10021230045083,面部护肤,套装/礼盒,自然堂（CHANDO）,自然堂凝时鲜颜护肤品套装 淡化细纹补水保湿提拉紧致抗皱洗面奶水乳套装礼盒精华面霜化妆品送女士礼物 【滋润淡纹三件套】水（滋润型）+霜+精华35ml,505.00,2022-04-06
461,10021230045084,面部护肤,套装/礼盒,自然堂（CHANDO）,自然堂凝时鲜颜护肤品套装 淡化细纹补水保湿提拉紧致抗皱洗面奶水乳套装礼盒精华面霜化妆品送女士礼物 【淡纹修护四件套】水+乳+精华+眼霜,725.00,2022-04-06
462,10021231780634,面部护肤,套装/礼盒,自然堂（CHANDO）,自然堂凝时鲜颜护肤品套装 淡化细纹补水保湿提拉紧致抗皱洗面奶水乳套装礼盒精华面霜化妆品送女士礼物 【推荐补水礼盒】洁水乳三件套+礼(霜+精华+面膜),378.00,2022-04-06
463,10021459563583,面部护肤,套装/礼盒,珀莱雅（PROYA）,珀莱雅套装女护肤品水乳套装保湿补水送长辈护肤礼盒正品官方旗舰直卖店乳霜中年妈妈三件套 ④店长推荐【洁面+水+乳 】-贈洁水乳眼霜①套,299.00,2022-04-06
464,10021550380715,香水彩妆,口红,阿玛尼（ARMANI）,阿玛尼（Armani）红管唇釉 口红哑光 礼盒套装老婆 女友生日礼物女 可御可萌双支礼盒装208+405,476.00,2022-04-06
465,10021601241214,香水彩妆,口红,香芙儿（CHAFFUL）,2支78】传奇红樱桃唇膏专柜正品官方今生同款保湿滋润防干裂女士学生千人千色不掉色香芙儿健康变色口红 红樱桃口红唇膏 2支装,78.00,2022-04-06
466,10021960568761,香水彩妆,口红,卡姿兰（Carslan）,卡姿兰（Carslan）口红丝绒哑光唇釉雾面不掉色不易沾杯口红套装礼盒节日生日送礼情人节礼物送女朋友 V602【奶茶橘】,69.00,2022-04-06
467,10021960568762,香水彩妆,口红,卡姿兰（Carslan）,卡姿兰（Carslan）口红丝绒哑光唇釉雾面不掉色不易沾杯口红套装礼盒节日生日送礼情人节礼物送女朋友 V603【烂番茄】,69.00,2022-04-06
468,10022040416154,面部护肤,套装/礼盒,PMPM,pmpm海糖水乳套装玫瑰红茶水乳水杨酸水乳海茴香干皮油皮收缩毛孔爽肤水乳液补水保湿修护控油痘痘肌男女 【油皮】海糖水100ml+乳100g,139.00,2022-04-06
469,10022138497846,男士面部护肤,男士乳液/面霜,杰威尔（JVR）,杰威尔(JVR)美白面霜男士护肤品 补水保湿乳液夏季滋润肤擦脸油提亮肤色 美白滋润护肤霜50g,49.90,2022-04-06
470,10022452128824,香水彩妆,眼影,魔法色彩（GlamColour）,【两盒49】魔法色彩ins超火透明九色初学者牛眼影盘玫瑰西柚哑光裸妆持久闪粉珠光亮片防水大地色不脱妆 04#爆闪金桔派+眼影刷,35.00,2022-04-06
471,10022949621960,美妆工具,化妆棉,黎漾（LEOUEANR）,黎漾加厚一次性洗脸巾棉柔洗面巾擦脸巾珍珠纹干湿敷化妆卸妆棉 加宽加厚 不掉毛絮（3卷）,17.80,2022-04-06
472,10022985704448,面部护肤,套装/礼盒,黛珂（Cosme Decorte）,【口碑星品】日本 黛珂 COSME DECORTE 黛珂水乳套装 紫苏水牛油果自然护肤水乳150 黛珂紫苏水150ml+牛油果乳150ml经典组合,405.00,2022-04-06
473,10023060713248,香水彩妆,唇彩唇蜜/唇釉,Storymix,HYNTOOR黑兔唇泥水光唇釉马卡龙镜面水光唇釉丝绒雾面哑光唇颊两用腮红口红女团姨妈色豆沙色学生平价 黑兔 复古系列唇泥vol.6,38.00,2022-04-06
474,10023099791256,面部护肤,套装/礼盒,韩美素（Hanmeisu）,韩美素肌肽奢宠焕颜套装 护肤品套盒女补水保湿提亮肤色紧致细嫩肌肤学生春夏季 【肌肽奢宠焕颜六件套】,89.00,2022-04-06
475,10023322242344,男士面部护肤,男士乳液/面霜,BIOAOUA,【第2瓶5折】BIOAOUA英伦栢酷男士素颜霜usp素颜霜自然色遮痘印防水男生懒人霜抖音同款30ML 1瓶30ml,29.90,2022-04-06
476,10023351745817,面部护肤,套装/礼盒,泊泉雅,泊泉雅水乳护肤礼盒中年妇女妈妈用的中老年人护肤品套装女士紧致抗皱草本补水保湿好用的化妆品七夕礼物 蜗牛奢宠嫩白水润五件套,88.00,2022-04-06
477,10023402257104,男士面部护肤,男士乳液/面霜,自然堂（CHANDO）,自然堂（CHANDO）男士咖啡因精华乳70ml活力紧致四合一保湿滋润乳液 咖啡因精华乳70ml,128.00,2022-04-06
478,10023479954282,香水彩妆,彩妆套装,柔色（rouse）,【节日礼物】柔色联名彩妆套装礼盒专业化妆品全套组合新娘舞台妆表演出淡妆送女朋友老婆生日节日礼物 专业彩妆套装礼盒【粉色化妆箱+美妆工具全套】,589.00,2022-04-06
479,10023643080506,面部护肤,套装/礼盒,优纪,优纪洁面水乳三件套女氨基酸洗面奶爽肤净透水柔肤精华乳液控油补水保湿 洗面奶+净透水+乳液,217.00,2022-04-06
480,10023696432339,香水彩妆,口红,香芙儿（CHAFFUL）,2支79】传奇红樱桃唇膏专柜正品官方女士保湿滋润防干裂今生同款变色唇膏学生孕妇可用香芙儿不掉色口红 变色唇膏2支装,79.00,2022-04-06
481,10023862817838,香水彩妆,口红,迪奥（Dior）,Dior迪奥口红999礼盒化妆品套装哑光唇膏720老婆生日礼物女 720#豆沙红棕【送礼盒礼袋】,308.00,2022-04-06
482,10024309296687,面部护肤,套装/礼盒,欧缇尚,法国兰黛清莹极光护肤品套装化妆品雅诗蓝黛小棕瓶水乳全套护肤品补水保湿收缩毛孔套装极光六件套送礼品 极光宝盒六件套送礼品,268.00,2022-04-06
483,10024788452070,香水彩妆,彩妆套装,柔色（rouse）,【节日礼物】柔色联名彩妆套装礼盒专业化妆品全套组合新娘舞台妆表演出淡妆送女朋友老婆生日节日礼物 中级彩妆套装礼盒【黑色化妆箱+美妆工具全套】,369.00,2022-04-06
484,10024829241909,面部护肤,套装/礼盒,AHC,【全国7仓发货】AHC男士水乳三件套装男士护肤品套盒洗面奶爽肤水乳液补水情人节礼物礼盒送男友 AHC男士护肤三件套,158.00,2022-04-06
485,10024937488214,香水彩妆,口红,kourt,一鹿有你口红礼盒一路化妆品彩妆套装520情人节礼物表白礼生日礼物女生送女朋友闺蜜老婆结婚纪念日 一鹿有你投影音乐彩妆礼盒,142.00,2022-04-06
486,10024994594294,香水彩妆,彩妆套装,柔色（rouse）,【节日礼物】柔色联名化妆品彩妆套装礼盒初学者全套组合口红淡妆舞台表演出送女朋友老婆生日礼物 剪纸联名彩妆18件套【全套彩妆工具】自然妆,159.00,2022-04-06
487,10025027162418,香水彩妆,彩妆套装,柔色（rouse）,【节日礼物】柔色鹊幸有你剪纸联名彩妆套装礼盒国风化妆品口红香水送女朋友老婆生日礼物结婚送礼品 鹊幸有你彩妆香水礼盒【生日节日礼物】,269.00,2022-04-06
488,10025191830738,男士面部护肤,套装/礼盒,左香（Zoo·Son）,男士护肤套装礼盒补水保湿控油洗面奶男爽肤水乳液春夏季擦脸油学生洗护肤品送男生礼物 三件套【洗面奶+水+乳】 控油补水,68.00,2022-04-06
489,10025324292945,面部护肤,套装/礼盒,PMPM,pmpm海糖水乳套装玫瑰红茶水乳水杨酸水乳海茴香干皮油皮收缩毛孔爽肤水乳液补水保湿修护控油痘痘肌男女 【干皮】玫瑰水100ml+乳100g,139.00,2022-04-06
490,10025461461054,面部护肤,套装/礼盒,百瑟,百瑟紫苏水乳套装乳液清爽型干混油皮控油补水保湿护肤品男女学生妈妈化妆品组合 水乳2件套(爽肤水200ml+乳液200ml),70.00,2022-04-06
491,10025485687998,面部护肤,套装/礼盒,谷雨,谷雨光甘草水乳保湿雪肌护肤品套装 补水保湿男女提亮肤色熬夜急救水乳护肤品滋润一整天 谷雨光甘草水乳+美白霜50g,349.00,2022-04-06
492,10025566989996,面部护肤,套装/礼盒,水密码,水密码套装小分子双重玻尿酸水光深透四件套水光膨润沁透亮泽洁肤晶露细肤水乳液精华霜补水 玻尿酸四件套【洁面+水+乳+精华霜】,149.00,2022-04-06
493,10025622737004,香水彩妆,唇彩唇蜜/唇釉,kakashow,【7支套装仅需59】丝绒空气唇釉雾面哑光不易掉色脱妆镜面唇釉唇彩套装平价口红礼盒三八妇女节礼物 女友 7支礼盒装,59.00,2022-04-06
494,10025713311763,面部护肤,乳液/面霜,八韵草（BAYUNCAO）,维生素e乳北京协和生物研制身体乳八韵草维生素e乳液面霜男女士润肤乳护手霜补水保湿嫩肤全身护体乳膏学生 八韵草维生素e乳按压款保湿滋养100ml 1瓶装,-1.00,2022-04-06
495,10025713311764,面部护肤,乳液/面霜,八韵草（BAYUNCAO）,维生素e乳北京协和生物研制身体乳八韵草维生素e乳液面霜男女士润肤乳护手霜补水保湿嫩肤全身护体乳膏学生 八韵草维生素e乳按压款保湿滋养100ml  3瓶装,-1.00,2022-04-06
496,10025825650483,香水彩妆,口红,阿玛尼（ARMANI）,节日礼物ARMANI阿玛尼口红405丝绒哑光女士红管唇釉口红礼盒套装生日礼物送女友 红管405#烂番茄色,238.00,2022-04-06
497,10025825650484,香水彩妆,口红,阿玛尼（ARMANI）,节日礼物ARMANI阿玛尼口红405丝绒哑光女士红管唇釉口红礼盒套装生日礼物送女友 红管400# 正红色,238.00,2022-04-06
498,10025994806705,香水彩妆,口红,语兮颜,限定款中国风口红礼盒化妆品彩妆套装520情人节礼物表白礼生日礼物女生送女友女朋友老婆闺蜜结婚纪念日 锦绣国风彩妆音乐灯光礼盒,218.00,2022-04-06
499,10026031479014,香水彩妆,口红,DROHOO,【520情人节礼物·5支口红套装】口红礼盒化妆品套装丝绒雾面生日礼物送女朋友老婆闺蜜彩妆套装 5支口红刺绣礼盒装,59.00,2022-04-06
500,10026057816392,男士面部护肤,男士乳液/面霜,大宝,大宝面霜男士护肤乳液保湿补水焕活保湿露50g 焕活保湿露50g,39.90,2022-04-06
501,10026066137956,男士面部护肤,男士乳液/面霜,大宝,大宝面霜男士 秋冬护肤品锁水保湿水润深透活肤霜50g学生面部护理乳液 深透活肤霜50g,39.90,2022-04-06
502,10026235554455,口腔护理,牙膏,舒客,舒客克小苏打牙膏脱渍炫白美净白牙黄牙渍烟牙垢口气臭口气清新 （深洁炫白）小苏打脱渍炫白牙膏 1支160g,24.90,2022-04-06
503,10026238444063,香水彩妆,口红,MAC,魅可MAC口红小辣椒唇膏520情人节礼盒送女友女朋友生日礼物礼盒套盒闺蜜礼物女 314#白桃奶茶MULL IT OVER,148.00,2022-04-06
504,10026238444068,香水彩妆,口红,MAC,魅可MAC口红小辣椒唇膏520情人节礼盒送女友女朋友生日礼物礼盒套盒闺蜜礼物女 921#奶茶色SULTRY MOVE,168.00,2022-04-06
505,10026268930349,香水彩妆,口红,琉缘,国风口红礼盒彩妆套装美妆化妆品套盒情人节礼物送女友女生老婆生日礼物女朋友女士闺蜜结婚纪念日实用表白礼 雕花口红礼盒10件套【限定款国风音乐灯光礼盒】,198.00,2022-04-06
506,10026284459049,香水彩妆,彩妆套装,尤莉尤拉（YOULI YOULA）,【520情人节礼物·彩妆十件套】彩妆礼盒化妆品套装全套生日礼物送女朋友闺蜜口红套装 云山神秀奢养彩妆十件套,88.00,2022-04-06
507,10026284796152,香水彩妆,彩妆套装,尤莉尤拉（YOULI YOULA）,【520情人节礼物·彩妆全套】彩妆礼盒化妆品套装全套生日礼物送女朋友闺蜜老婆口红套装 清妆荷韵彩妆套装,108.00,2022-04-06
508,10026352573210,面部护肤,乳液/面霜,八韵草（BAYUNCAO）,维生素e乳北京协和生物研制身体乳八韵草维生素e乳液面霜男女士润肤乳护手霜补水保湿嫩肤全身护体乳膏学生 八韵草维生素e乳按压款保湿滋养120ml 1瓶装,-1.00,2022-04-06
509,10026428949334,香水彩妆,口红,香奈儿（Chanel）,香奈儿（Chanel）口红丝绒炫亮唇膏柔雾磨砂38节三八妇女节礼物情人节送老婆女友闺蜜礼物礼盒 丝绒57号#枫叶红【配礼盒礼袋】,378.00,2022-04-06
510,10026488453883,面部护肤,套装/礼盒,迪奥（Dior）,迪奥（dior）护肤品化妆品女士小样旅行套装 精选套装（精华7ml+花漾5ml+999口红小样）,289.00,2022-04-06
511,10026488540381,香水彩妆,眼影,MAFFICK,【两件5 9 】琥珀八色眼影盘ins大地色高光腮红修容一体盘粉质细腻易上色持妆不飞粉 灰粉琥珀,39.00,2022-04-06
512,10026500488876,面部护肤,其它面部护肤,妙倩,妙倩3包300张吸油纸面部女学生脸部控油清爽吸油面纸 绿茶+竹炭+玫瑰,13.90,2022-04-06
513,10026504198343,面部护肤,乳液/面霜,大宝,大宝SOD蜜抗氧化 男女士面霜保湿补水200ml温和滋润 秋冬护肤品擦脸面霜 SOD蜜200ml,22.90,2022-04-06
514,10026508019804,面部护肤,乳液/面霜,大宝,大宝SOD蜜 男士面霜温和滋润擦脸油300ml保湿补水 深层滋养 秋冬护肤身体乳液女 SOD蜜300ml,31.90,2022-04-06
515,10026567679535,香水彩妆,唇彩唇蜜/唇釉,美寇传奇,【第二支 1 元】琥珀唇釉丝绒哑光雾面唇釉持久不掉色唇泥哑光口红女唇彩学生款 1#复古可可红,33.00,2022-04-06
516,10026572674781,香水彩妆,口红,美寇传奇,【第二支 1 元】七夕情人节六色口红系列小辣椒口红套装柔感哑光唇膏丝柔雾面易上色不易掉色不易沾杯 316#小辣椒,39.00,2022-04-06
517,10026604160849,面部护肤,套装/礼盒,安安金纯（A'Gensn）,安安金纯橄榄油柔肤水乳液2件套装男女生春夏秋冬补水保湿滋润国货化妆水护肤水收敛水健康水 水活柔肤水+美白营养保湿乳液,59.00,2022-04-06
518,10026613980805,香水彩妆,唇彩唇蜜/唇釉,NARS,【肖战同款】NARS纳斯·娜斯口红空气唇釉 空气柔雾唇霜 肖战代言 041#PIN UP 小橘钉,255.00,2022-04-06
519,10026630016809,香水彩妆,口红,DOOUCI,情人节生日礼物高档一鹿有你礼盒送老婆女生朋友员工闺蜜中国风口红套装表白走心实用浪漫纪念日DOOUCI 一鹿有你（开盖投影亮灯响音乐）,138.00,2022-04-06
520,10026662139147,面部护肤,套装/礼盒,比芭美（BIBAMEI）,【水乳套装】骆驼奶乳液女补水保湿控油清爽收缩毛孔油皮敏感肌干皮妈妈学生党平价护肤品套装礼盒 水乳套装（润肤乳100g+营养液120ml）,70.00,2022-04-06
521,10026753706087,香水彩妆,口红,尤莉尤拉（YOULI YOULA）,【口红+气垫+散粉眼影八件套】口红套装彩妆礼盒套盒唇膏唇釉中国风生日情人节礼物女生送女友化妆品套装,88.00,2022-04-06
522,10026806069699,面部护肤,套装/礼盒,欧莱雅（LOREAL）,欧莱雅水乳套装礼盒补水套装面霜女士护肤化妆品节日礼物复颜玻尿酸精华补水保湿 玻尿酸水乳套礼盒,409.00,2022-04-06
523,10027470076156,面部护肤,套装/礼盒,水密码,水密码套装紧致新颜礼盒水乳护肤品紧致淡化细纹洁面乳精华霜补水精华乳细肤水精华液 紧致新颜礼盒【洁面+水+乳+精华+霜】+紧致眼霜,349.00,2022-04-06
524,10027472372395,面部护肤,套装/礼盒,珀莱雅（PROYA）,珀莱雅雪颜美白套装化妆品护肤品水乳套装礼盒保湿补水女学生官方旗舰全套三件套送女友长辈 ①（98%客户选择）3件套【洁面+水+乳】礼盒装,249.00,2022-04-06
525,10027488592086,面部护肤,其它面部护肤,倩滋（QIANZI）,【网红推荐！鱼子酱眼霜买2瓶送1】倩滋小棕瓶眼霜淡化细纹黑眼圈脂肪粒熬夜熊猫眼保湿滋润眼霜倩滋20g,98.00,2022-04-06
526,10027551412687,面部护肤,套装/礼盒,艾遇（AIYU）,auou艾遇水乳套装爱遇爽肤水乳液补水控油舒缓修护痘痘肌敏感肌干皮油皮护肤品化妆品套装全套男女学生 【舒漾套盒】水150ml+乳140ml,108.00,2022-04-06
527,10027629621721,香水彩妆,口红,阿玛尼（ARMANI）,阿玛尼（Armani）红管唇釉 口红哑光 礼盒套装老婆 女友生日礼物女 新品口红阿玛尼400+405唇釉,519.00,2022-04-06
528,10027765758857,面部护肤,面部精华,麻美（MAMEW）,MAMEW麻美美妆晚樱高保湿水乳护肤品礼盒女士补水化妆品套装200ml+150ml 晚樱精华套装,788.00,2022-04-06
529,10027772898730,香水彩妆,彩妆套装,D.D.R,【口红+空气蜜粉+眼影九件套】彩妆礼盒化妆品套装口红套装520情人节生日礼物送女朋友老婆闺蜜彩妆套装 清荷苏颜东方美妆套盒,79.00,2022-04-06
530,10027859190222,香水彩妆,口红,芭贝拉（BABREA）,芭贝拉巴贝拉唇泥Babrea口红丝绒雾面哑光唇膏吃土色肉桂奶茶色巴贝拉平价学生2g 502 纯情玩家（乌龙肉桂色）,30.90,2022-04-06
531,10028088500336,美妆工具,双眼皮贴,MOTONOZEN,MOTONOZEN素之然日本进口双眼皮贴隐形蕾丝肤色单面肉色单双面透明轻薄自然无痕眼皮贴男女美目贴 单面肤色网状 (L) 4片60枚,28.50,2022-04-06
532,10028112816343,面部护肤,润唇膏,俏美人（CoolBetty）,俏美人8杯水补水保湿润唇膏防嘴唇干裂脱皮唇膏修护淡化唇纹唇膏男女通用 珍珠纹洗脸巾45抽,10.00,2022-04-06
533,10028460400839,男士面部护肤,套装/礼盒,左香（Zoo·Son）,左香男士护肤套装礼盒 补水保湿控油洗面奶男润爽肤水擦脸乳液学生洗护肤品送男生礼物 三件套【洗面奶+水+乳】,58.00,2022-04-06
534,10028460647380,男士面部护肤,男士乳液/面霜,杰威尔（JVR）,杰威尔(JVR)美白面霜男士护肤品 补水保湿乳液秋冬滋润肤提亮肤色擦脸油 美白滋润护肤霜50g,49.90,2022-04-06
535,10028559665002,香水彩妆,唇彩唇蜜/唇釉,古驰（GUCCI）,魅.可m.ac唇釉991小辣椒 977 994子弹头车厘子色口红彩妆礼盒装 991#devoted to chill攻心小辣椒,179.00,2022-04-06
536,10028589073150,面部护肤,防晒,悠宜（unny club）,unny club悠宜防晒霜防晒乳清爽防水防汗不油腻男女学生军训全身隔离紫外线SPF50+ 50ml 水润款（混油、中性肌推荐）,54.00,2022-04-06
537,10028979014770,香水彩妆,口红,kourt,【520情人节礼物音乐投影口红套装】一鹿有你化妆品套装口红礼盒彩妆礼盒套装生日礼物送女朋友老婆闺蜜 一鹿有你投影音乐彩妆礼盒,142.00,2022-04-06
538,10028994732184,面部护肤,乳液/面霜,修正,2瓶装 修正抗皱面霜 官方直销 正品保证 【强烈推荐】2瓶装,99.00,2022-04-06
539,10029318700109,面部护肤,乳液/面霜,大宝,大宝SOD蜜抗氧化 男女士面霜保湿补水200ml温和滋润 秋冬护肤品擦脸面霜 SOD蜜200ml*2瓶,38.90,2022-04-06
540,10029397347322,面部护肤,套装/礼盒,娇韵诗（CLARINS）,娇韵诗（CLARINS）水乳套装清透润白亮肤女士护肤品保湿无瑕孕妇可用 2件套(柔肤水 乳液)清爽型,658.00,2022-04-06
541,10029397873226,香水彩妆,口红,爱马仕（HERMES）,【生日礼物女】爱马仕HERMES口红64哑光缎光礼盒套装85哑光 口红香水套装送女生 老婆 可御可萌礼盒装：64缎光+85哑光,780.00,2022-04-06
542,10029580548248,面部护肤,套装/礼盒,珀莱雅（PROYA）,珀莱雅套装紧致肌密套装抗皱淡纹提拉紧致 活肤补水保湿护肤品化妆品水乳套装官方旗舰直卖店 店长重点推荐【水+乳】+洁水乳,229.00,2022-04-06
543,10029580548249,面部护肤,套装/礼盒,珀莱雅（PROYA）,珀莱雅套装紧致肌密套装抗皱淡纹提拉紧致 活肤补水保湿护肤品化妆品水乳套装官方旗舰直卖店 ①店长抗皱推荐【洁面+水+乳】+洁水乳,259.00,2022-04-06
544,10029583269455,面部护肤,套装/礼盒,珀莱雅（PROYA）,珀莱雅雪颜美白化妆品护肤品水乳套装礼盒祛斑滋养保湿补水女控油提亮肤色官方旗舰男女通用 ①【店长美白推荐】洁面+水+乳+霜(礼盒装),279.00,2022-04-06
545,10029647016193,面部护肤,套装/礼盒,珀莱雅（PROYA）,珀莱雅海洋透皙白护肤品套装水乳化妆品礼盒女美白保湿补水匀亮肤色收缩毛孔控油学生面部官方旗舰直卖店 美白2件套【水+乳】,129.00,2022-04-06
546,10029647016194,面部护肤,套装/礼盒,珀莱雅（PROYA）,珀莱雅海洋透皙白护肤品套装水乳化妆品礼盒女美白保湿补水匀亮肤色收缩毛孔控油学生面部官方旗舰直卖店 粉胖3件套【洁+水+乳】,159.00,2022-04-06
547,10029654480396,面部护肤,乳液/面霜,珀莱雅（PROYA）,珀莱雅乳液（PROYA）女水动力盈润乳补水保湿清爽滋润控油化妆品护肤液面霜官方期舰店官网学生男女可用 水动力盈润乳100ml,68.00,2022-04-06
548,10029675738572,香水彩妆,唇彩唇蜜/唇釉,黛曼普（DAIMANPU）,【两支39】小熊唇釉皮可小熊琉光镜面唇釉持久润泽显白玻璃唇釉口红呆萌熊小布丁唇彩唇蜜 01#白桃乌龙,29.00,2022-04-06
549,10029675738573,香水彩妆,唇彩唇蜜/唇釉,黛曼普（DAIMANPU）,【两支39】小熊唇釉皮可小熊琉光镜面唇釉持久润泽显白玻璃唇釉口红呆萌熊小布丁唇彩唇蜜 02#玫瑰茶冻,29.00,2022-04-06
550,10029861279327,面部护肤,套装/礼盒,uluka,【官方舰旗店】日本进口647水乳套装补水保湿呵护油痘肌控油干皮舒缓清爽男女士921健康渗透uluka 647健康渗透水+乳+647精华,438.00,2022-04-06
551,10030058061631,面部护肤,套装/礼盒,自然堂（CHANDO）,自然堂雪域精粹护肤套装 滋润保湿水润小分子补水清洁洗面奶爽肤水乳液修护精华液 送化妆品礼物 【补水三件套】冰肌水（清润型）+乳液+精华,418.00,2022-04-06
552,10030101439452,香水彩妆,口红,佳礼怡個（JIALIYIGE）,百鸟朝凤中国风雕花口红礼盒套装唇膏学生520情人节礼物员工生日礼物女孩女生送女朋友老婆闺蜜姐姐 雕花口红礼盒【送礼品袋】,59.00,2022-04-06
553,10030239911908,香水彩妆,彩妆套装,KISS KYLIE,【520情人节礼物·彩妆十三件套】彩妆礼盒化妆品套装彩妆套装口红套装生日礼物送女朋友闺蜜老婆口红礼盒 闲云孤鹤彩妆十三件套,118.00,2022-04-06
554,10030241886055,香水彩妆,彩妆套装,卡姿兰（Carslan）,卡姿兰（Carslan）彩妆套装礼盒化妆品套装初学者彩妆组合全套 情人节礼物送女友送老婆 【套餐三】优雅淑女妆,329.00,2022-04-06
555,10030241886057,香水彩妆,彩妆套装,卡姿兰（Carslan）,卡姿兰（Carslan）彩妆套装礼盒化妆品套装初学者彩妆组合全套 情人节礼物送女友送老婆 【套餐五】时尚女王妆（店长推荐）,599.00,2022-04-06
556,10030255118046,香水彩妆,彩妆套装,知汐,【限定款·彩妆十件套】彩妆礼盒化妆品套装全套情人节礼物生日礼物送女朋友闺蜜口红套装知汐 花颜古韵东方彩妆套装,76.00,2022-04-06
557,10030533383601,香水彩妆,彩妆套装,尤莉尤拉（YOULI YOULA）,【次日达】李佳琪抖音花东方西子同款彩妆化妆品口红套装8件套护肤套装化妆品全套送女朋友老婆情人节礼盒 礼盒8件套,98.00,2022-04-06
558,10030717055393,香水彩妆,男士彩妆,杰肤泉（JIEFUQUAN）,杰肤泉男士素颜霜—烟酰胺修颜肌透杰夫泉保湿控油提肤亮色,88.00,2022-04-06
559,10030724038018,面部护肤,套装/礼盒,左香（ZOO．SON）,【水乳套装】燕窝乳液女补水保湿控油清爽收缩毛孔敏感肌干皮油皮妈妈学生党平价护肤品套装礼盒 水乳套装（120ml+80ml）,58.00,2022-04-06
560,10031049369171,男士面部护肤,套装/礼盒,洁芙泉,洁芙泉男士护肤品礼盒套装补水保湿控油深层洗面奶爽肤水保湿霜精华水乳液春夏季学生平价送礼物男生 护肤套装【洗面奶+水+乳】,79.00,2022-04-06
561,10031469133747,香水彩妆,口红,YZS,【第二支免费】YZS口红小样丝绒哑光不易掉色不易粘杯口红七夕情人节礼物 21#复古正红,48.00,2022-04-06
562,10031604833346,美妆工具,粉扑/洗脸扑,everbab,everbab艾蓓拉棉花糖气垫粉扑【鞠婧祎推荐】爱我啵啵粉扑粉饼扑粉底液化定妆海绵散粉三角饭团粉扑 三角饭团粉扑2只装,32.00,2022-04-06
563,10031625434991,男士面部护肤,套装/礼盒,蒂诗颜（DISHIYAN）,蒂诗颜男士护肤品礼盒套装控油平衡补水保湿霜洗面奶乳男精华水乳眼霜擦脸春夏季学生平价送礼物男生 五件套礼盒【洗面奶+水+乳+眼霜+面霜】,79.00,2022-04-06
564,10031687554786,香水彩妆,口红,汤姆福特（TOM FORD）,汤姆福特（TOM FORD）女士tf口红礼盒唇膏不易沾杯持久3g正装 tf16#斯嘉丽红(番茄红),168.00,2022-04-06
565,10031706874687,面部护肤,套装/礼盒,欧莱雅（L'OREAL）,欧莱雅(LOREAL)套装复颜抗皱水乳女士护肤化妆品补水保湿改善细纹紧致肌肤面霜眼霜 柔肤水+乳液,99.00,2022-04-06
566,10031865280759,香水彩妆,唇彩唇蜜/唇釉,悠宜（unny club）,unny club 悠宜绒雾哑光唇泥口红高级显白滋润保湿学生平价唇釉 602#丛林魔法,35.00,2022-04-06
567,10031866717252,美妆工具,双眼皮贴,素之然（MOTONOZEN）,MOTONOZEN日本进口素之然双眼皮贴隐形蕾丝肤色双眼皮贴自然无痕男女天生大眼  单面肤色网状 (M) 4片72枚,30.80,2022-04-06
568,10031870092540,面部护肤,套装/礼盒,德妃（DERMAFIRM）,德妃M4安肌养肤水乳套装 积雪草补水保湿 舒缓敏肌 改善暗沉 紧致肌肤男女学生通用水乳 德妃M4安肌养肤水乳套装,248.00,2022-04-06
569,10031909423548,香水彩妆,口红,画册（Picture album）,一路有你雕花口红礼盒定情锁化妆品彩妆套装套盒520情人节礼物生日礼物女生送女朋友老婆结婚纪念日表白礼 一鹿有你【同心锁礼盒口红+精美礼袋-限定纸雕礼盒】,198.00,2022-04-06
570,10031941779328,香水彩妆,口红,巴茜（BAXI）,小羊皮细跟口红三支装哑光雾面丝绒小细管口红礼盒小水滴保湿唇膏平价学生送老婆情人闺蜜520生日礼物 小羊皮口红套装,69.00,2022-04-06
571,10031989021377,面部护肤,套装/礼盒,悠宜（unny club）,【京选推荐】韩国unny水乳套盒悠宜滋润三件套装补水保湿控油清爽礼盒提亮肤色护肤化妆品洁面乳学生女 控油清爽套盒（水150ml乳120ml洁面70g),115.00,2022-04-06
572,10032237689868,香水彩妆,唇彩唇蜜/唇釉,Color Key,colorkey珂拉琪唇釉口红唇泥哑光镜面学生不易沾杯防汗官方 【店长推荐色镜光版】R702 微醺枣泥,39.00,2022-04-06
573,10032399412137,美妆工具,假睫毛,萌睫尚品,【带胶水镊子】萌睫尚品假睫毛女超自然款自粘嫁接分段朵毛单簇A型仙女仙子毛下睫毛眼睫毛胶水 A型仙子毛+鱼尾混装+胶水镊子,19.80,2022-04-06
574,10032586983926,香水彩妆,口红,KISS KYLIE,中国风口红礼盒化妆品彩妆套装全套套盒520情人节礼物表白生日礼物女生送女朋友闺蜜老婆结婚纪念日 古风彩妆礼盒十三件套,118.00,2022-04-06
575,10032822475800,面部护肤,套装/礼盒,爱和纯（AHC）,韩国AHC水乳神仙水乳套装补水保湿玻尿酸爽肤水乳液套装 AHC神仙水100ml,65.00,2022-04-06
576,10032962747066,面部护肤,套装/礼盒,泊本（BOBEN）,泊本6D玻尿酸水乳套装福瑞达护肤精华水乳液补水保湿修护敏感肌学生 水乳套装(精华水100ml+修护乳80ml),158.00,2022-04-06
577,10033317231635,面部护肤,乳液/面霜,欧莱雅（L'OREAL）,巴黎欧莱雅（LOREAL）复颜视黄醇抗皱紧致滋润日霜女士面霜晚霜补水保湿乳液早晚护肤品化妆品组合套装 25ml【优惠装】2瓶,79.00,2022-04-06
578,10033477575476,面部护肤,套装/礼盒,欧莱雅（L'OREAL）,欧莱雅套装女士护肤品复颜抗皱五件套柔肤水乳液面霜补水保湿提拉紧致化妆品送妈妈女生母亲节礼物 【优惠装】水65ml+乳液50ml+日霜15ml,99.00,2022-04-06
579,10033523750037,面部护肤,套装/礼盒,奕沃（EIIO）,韩国奕沃eiio水乳套装补水保湿清爽控油面部精华液爽肤水油皮痘肌敏感肌男女护肤品礼盒装 【基础护肤款】水乳五件套,128.00,2022-04-06
580,10033526221186,香水彩妆,唇彩唇蜜/唇釉,OULESONG,【两只49~】内心嬉戏唇釉琉光镜面唇釉玻璃水光唇彩口红持久润泽显白小布丁果汁唇油唇蜜 06#未满茶蘼,37.00,2022-04-06
581,10033799757718,面部护肤,乳液/面霜,天怡,南京同仁堂祛痘膏祛痘印坑凹洞闭口粉刺凝胶痘疤去痘坑青春痘芦荟胶凝胶男女士学生祛痘天怡 20g 一支,59.90,2022-04-06
582,10033813773994,面部护肤,套装/礼盒,韩后（Hanhoo）,韩后护肤品套装红石榴鲜养焕采6件套装礼盒控油补水保湿滋润女护肤化妆品礼盒 六件套礼盒装(洁面+水+乳+霜+眼霜+精华),229.00,2022-04-06
583,10034059361665,香水彩妆,粉底液/膏,Gella's,【49两瓶】佳琪推荐蓝盾粉底液持妆控油遮瑕持久保湿清透水润干油皮学生平价 2#自然色,39.00,2022-04-06
584,10034073580834,面部护肤,套装/礼盒,泊本（boben）,【官方旗舰】泊本6D玻尿酸水乳套装原液精华福瑞达爽肤水乳液舒缓补水保湿控油细致修护学生男女 泊本6D玻尿酸水乳套装,158.00,2022-04-06
585,10034132393571,面部护肤,套装/礼盒,PMPM,PMPM龙血树水杨酸水乳套装痘痘舒缓护细致补水学生护肤化水油平衡 龙血树水杨酸水乳套装,139.00,2022-04-06
586,10034160184991,香水彩妆,口红,汤姆福特（TOM FORD）,生日礼物礼盒送女友汤姆福特（TOM FORD）TF口红16烈焰炫彩幻魅黑金口红礼盒黑管细管唇膏 【赠礼盒礼袋】唇釉16#SCARLET ROUGE,278.00,2022-04-06
587,10034343748168,香水彩妆,口红,汤姆福特（TOM FORD）,生日礼物礼盒送女友汤姆福特（TOM FORD）TF口红16烈焰炫彩幻魅黑金口红礼盒黑管细管唇膏 【赠送礼盒礼袋】黑管100#EQUUS,278.00,2022-04-06
588,10034409441805,面部护肤,套装/礼盒,稀物集,【官方直销 假一罚十】稀物集 松茸菌菇套装 敏感肌补水保湿水乳套盒护肤化妆品套装全套 松茸菌菇套装（水+乳）,276.00,2022-04-06
589,10034472413706,香水彩妆,口红,AGAG,【一支六色口红】AGAG6六色口红幻变立体魔法六色雾面哑光天使诱惑保湿生日礼物女不掉色不沾杯 幻变立体魔法六色口红(一支),36.00,2022-04-06
590,10034538400466,面部护肤,套装/礼盒,欧莱雅（LOREAL）,欧莱雅女士护肤化妆品春夏季礼盒套装金致臻颜牡丹奢养粉妍（提拉紧致 淡化细纹） 四件套(洁面+水+乳+眼霜),1210.00,2022-04-06
591,10034670517316,面部护肤,套装/礼盒,欧缇尚,法国 兰黛清滢 小棕瓶护肤品套装化妆品蓝黛水乳全套护肤品补水保湿收缩毛孔套装 小棕瓶六件套送礼品 兰黛小棕瓶六件套+防护喷雾+BB霜+面膜5,268.00,2022-04-06
592,10034748363225,面部护肤,乳液/面霜,研春堂（YANCHUNTANG）,【抖音同款】研春堂祛痘修复淡印膏anti-acne花恩诗达克亮肤祛痘膏淡化痘印粉刺面霜痘疤青春痘男女 一盒体验装,29.00,2022-04-06
593,10034772007392,香水彩妆,彩妆套装,麦如,口红化妆彩妆套装礼盒520礼物情人节送女友生日礼物女生送女朋友老婆闺蜜表白结婚纪念日实用高档美妆麦如 古风彩妆13件套,158.00,2022-04-06
594,10034960381860,面部护肤,套装/礼盒,珀莱雅（PROYA）,珀莱雅水动力护肤品化妆品水乳套装礼盒 补水保湿控油平衡夏日清爽滋养弹润细致毛孔男女通用官方旗舰 ①【店长补水推荐】礼盒三件套(洁面+爽肤水+乳液),148.00,2022-04-06
595,10035216104726,香水彩妆,彩妆套装,知汐,【限定款·彩妆十件套】知汐中国风化妆品彩妆套装礼盒七夕情人节送女友闺蜜初学者口红套装三八妇女节礼物 十件套,69.00,2022-04-06
596,10035279453142,香水彩妆,口红,曼诗丽（MANSLY）,【星品限定】完美口红许愿星限定款细跟口红礼盒套装细管口红哑光雾面丝绒质地平价学生情侣生日情人节礼物 星品限定-雪夜繁星口红*项链礼盒,68.00,2022-04-06
597,10035279650544,香水彩妆,口红,曼诗丽（MANSLY）,【节日限定】口红礼盒化妆品套装小细管口红哑光雾面情人节礼物生日礼物七夕送老婆女友闺蜜圣诞礼物 挚爱永生花5支口红礼盒,68.00,2022-04-06
598,10035344535782,面部护肤,乳液/面霜,香雅集,南京同仁堂乐家老铺 芦荟胶净痘淡化痘印痘坑晒后修护控油补水保湿舒缓男女通用香雅集 一瓶装180g【多数顾客选择 买二 送一】,99.00,2022-04-06
599,10035397162607,面部护肤,套装/礼盒,目颜（MUYAN）,目颜洋甘菊精华水牛油果精华乳水乳组合补水套装敏感肌护肤品情人节礼物套装 牛油果精华乳100Ml+洋甘菊精华水120ml,159.00,2022-04-06
600,10035398331076,面部护肤,套装/礼盒,目颜（MUYAN）,目颜水乳洁面面霜四件套护肤套装化妆品洗面奶氨基酸补水水乳组合护肤品化妆品情人节礼物套装 （水润滋养）水乳洁面面霜四件套,339.00,2022-04-06
601,10036757962385,面部护肤,套装/礼盒,冰菊（Bing Ju）,八杯水护肤品套装女士8杯水六件套妈妈化妆品补水保湿透润礼盒嫩肤提亮爽肤水乳液面霜精华 八杯水补水六件套装,99.00,2022-04-05
602,10036772690297,面部护肤,套装/礼盒,悠宜（unny club）,韩国unny水乳套盒护肤品套装 控油清爽套盒(水150ml乳120ml洁面70g),138.00,2022-04-05
603,10036953278243,香水彩妆,口红,卡姿兰（Carslan）,卡姿兰口红唇膏彩妆美妆化妆品礼盒套装唇釉唇彩小样豆沙色哑光不沾杯不掉色大牌老婆生日情人节 小粉管口红#01 蜜桃豆沙 0.5,54.00,2022-04-05
604,10036953278244,香水彩妆,口红,卡姿兰（Carslan）,卡姿兰口红唇膏彩妆美妆化妆品礼盒套装唇釉唇彩小样豆沙色哑光不沾杯不掉色大牌老婆生日情人节 小粉管口红#02 柔雾烟粉 0.5,54.00,2022-04-06
605,10036991122684,面部护肤,套装/礼盒,欧莱雅（L'OREAL）,巴黎欧莱雅套装护肤品女士金致臻颜花蜜小蜜罐面霜水乳液补水保湿滋润提拉紧致化妆品母亲节礼物送妈妈 （店长推荐）乳液+精华蜜+面霜+精华液,499.00,2022-04-05
606,10037039584533,面部护肤,乳液/面霜,大宝,大宝维生素E乳300ml面霜男女滋润保湿润肤乳全身适用身体乳 维生素E乳300ml,31.90,2022-04-05
607,10037247344608,香水彩妆,彩妆套装,橘朵（Judydoll）,橘朵（Judydoll）玩趣七色综合面部彩妆盘眼影腮红高光奶茶色眼影盘彩妆套装大地色送女友生日礼物 new#16生椰拿铁（大地色）,79.80,2022-04-05
608,10037258414411,香水彩妆,彩妆套装,迪奥（Dior）,【国内专柜送女友】Dior迪奥彩妆套装套盒五件套三件套礼盒圣诞限定限量 五件套彩妆礼盒 (气垫+睫毛膏+口红+香水+眼影),2503.00,2022-04-05
609,10037381726576,面部护肤,乳液/面霜,萃然美,南京同仁堂抗淡皱纹面霜填充霜细纹提拉重组霜紧致肌肤保湿补水男女士面霜萃然美生物科技有限公司 一瓶【滋养装】,98.00,2022-04-06
610,10037510743840,香水彩妆,口红,香芙儿（CHAFFUL）,传奇红樱桃唇膏女专柜正品官方保湿滋润补水唇膏防干裂不沾杯男女唇部护理千人千色今生同款健康不掉色口红 红樱桃变色口红1支,49.00,2022-04-05
611,10037604107949,香水彩妆,彩妆套装,施纷寇,花国色惊鸿西子彩妆套装花茜子国色惊鸿彩妆套装礼盒组合学生初学者化妆品美妆套盒十件套 HIH 女皇权杖妆匣五件套,126.00,2022-04-05
612,10037606689120,香水彩妆,口红,曼诗丽（MANSLY）,限定款·5支口红套装】口红礼盒化妆品套装曼诗丽小细管口红哑光雾面情人节生日礼物送女生女友礼袋全套 永生花口红礼盒/五支套装,69.00,2022-04-05
613,10037623805945,香水彩妆,口红,Christian Louboutin,生日礼物礼盒Christian Louboutin萝卜丁女王权杖口红CL克里斯提鲁布托丝绒哑光唇膏 【赠送礼盒礼袋小花束】黑管001M 丝绒哑光女王红,619.00,2022-04-05
614,10037813100190,面部护肤,套装/礼盒,欧莱雅（LOREAL）,【自营配送】欧莱雅金致臻颜松露奢养肌活女士护肤品紧致肌肤细纹洁面乳爽肤水乳液补水保湿平皱纹组合套装 爽肤水+乳液+精华露,1028.00,2022-04-05
615,10038126108634,香水彩妆,口红,DIMSHOW,DIMSHOW口红礼盒一鹿有你化妆品彩妆套装520情人节礼物生日礼物女生送女朋友老婆结婚纪念日 一鹿有你【礼盒口红+精美礼袋-限定纸雕礼盒】,168.00,2022-04-05
616,10038131466178,香水彩妆,彩妆套装,佳雅（Jiaya）,38女神三八妇女节礼物员工生日礼物口红礼盒化妆品套装彩妆套装美妆套盒送女朋友老婆闺蜜妈妈结婚纪念日 牡丹玉荣十二件套,148.00,2022-04-06
617,10038146192076,面部护肤,乳液/面霜,大宝,大宝维生素E乳300ml面霜男女滋润保湿润肤乳全身适用身体乳 维生素E乳300ml*2瓶,52.90,2022-04-05
618,10038156600204,美发假发/造型,蓬蓬粉,黎芙莎（LIFUSHA）,【2瓶仅需39.9】免洗干发喷雾控油去油神器姨妈期懒人头发蓬松蓬蓬高颅顶粉刘海去异味三八妇女节礼物 2瓶装【6倍吸油力】,37.00,2022-04-06
619,10038217181588,香水彩妆,口红,venrock,venrock女王权杖三色口红滋润不沾杯不掉色雾面哑光口红颜值礼物遮掩唇纹提亮肤色素颜淡妆生日礼物 权杖三色口红一支装,39.90,2022-04-06
620,10038463113996,面部护肤,套装/礼盒,肌肤之钥（Cle de Peau）,日本进口肌肤之钥CPB套装光采护肤礼盒 补水保湿修护 水乳日乳夜乳滋润型 送老婆送女友节日礼物 滋润型套装（水+日乳+夜乳）,1802.00,2022-04-05
621,10038629970656,香水彩妆,彩妆套装,自然堂（CHANDO）,自然堂彩妆套装 眉笔粉底口红人气胡萝卜色 提亮无瑕显白新手推荐 唇膏（胡萝卜）+眉笔（深棕）+粉底液B02,282.00,2022-04-05
622,10038633383267,面部护肤,套装/礼盒,自然堂（CHANDO）,自然堂积雪草修护系列 敏感肌换季适用泡沫洁面洗面奶爽肤水修护霜套装护肤品B5泛醇水乳修护舒缓脆弱肌肤 积雪草修护水+修护霜（舒缓保湿）,318.00,2022-04-06
623,10038781868240,面部护肤,套装/礼盒,Rosetimes,【第2瓶 0元】独岛水乳Rosetimes补水套装保湿干皮清爽学生男女通用200ml 200ml水,68.00,2022-04-06
624,10038964962798,香水彩妆,口红,媚族（MEZZE）,38女神三八妇女节礼物员工生日礼物中国风口红礼盒口红套装彩妆化妆品套装美妆套盒送老婆女朋友结婚纪念日 暮色余晖彩妆礼盒,168.00,2022-04-06
625,10039075344419,香水彩妆,彩妆套装,Maigoole,花西彩妆套装全套一整套口红淡妆套装礼盒初学者新手化妆品七夕情人节圣诞礼物餸老婆女朋友妈妈【优品定制】 香芙儿十件套,168.00,2022-04-06
626,10039127239946,香水彩妆,彩妆套装,Maigoole,彩妆套装淡妆口红套盒中国风西送女朋友子生日七夕情人节礼物一整套美妆【精选定制】 牡丹双层【十二件套】 化妆刷+礼袋,196.00,2022-04-06
627,10039145766153,面部护肤,套装/礼盒,AUOU,auou艾遇水乳套装健康水爽肤水乳液补水控油舒缓修护痘痘肌敏感肌干皮油皮护肤品化妆品套装全套男女学生 150ml水+130ml乳+水乳中样各30ml,106.00,2022-04-06
628,10039173553346,香水彩妆,眼影,卞卡（BINCA VIDOU）,卞卡（BINCA）掌控眼值九色眼影盘大地色女ins超火珠光哑光防水防汗不飞粉易上色彩妆 OE01,188.00,2022-04-06
629,10039337699068,面部护肤,套装/礼盒,黛珂（Cosme Decorte）,日本黛珂Cosme Decorte紫苏水牛油果乳液植物韵律欣韵面部水乳护肤套装爽肤水精华控油祛痘 紫苏水150ml+牛油果乳液150ml组合,359.00,2022-04-05
630,10039345309845,面部护肤,套装/礼盒,肌肤之钥（Cle de Peau）,日本肌肤之钥CPB基础护理水乳护肤品套装三件套水日夜乳补水保湿修护送女友情人节礼物 CPB水乳三件套 滋润型保湿水+日乳+夜乳,1478.00,2022-04-05
631,10039349016161,香水彩妆,彩妆套装,OMGA,一鹿有你彩妆套装口红化妆品礼盒初学者全套520情人节礼物生日礼物女生送女朋友老婆闺蜜结婚纪念日表白礼 3层玫瑰花音乐亮灯彩妆礼盒,258.00,2022-04-05
632,10039369216549,香水彩妆,口红,迪奥（Dior）,dior迪奥口红香水999礼盒888哑光唇膏化妆品套装彩妆720生日礼物女 两只套装：新迪奥999哑光+999缎光,565.00,2022-04-05
633,10039396431766,面部护肤,套装/礼盒,黛珂（Cosme Decorte）,黛珂（Cosme Decorte）紫苏水150ml+牛油果乳液150ml 水乳护肤礼盒套装 日本进口 牛油果乳液150ml,230.00,2022-04-06
634,10039484804114,面部护肤,套装/礼盒,COCOAMELIA1970,日本美白护肤品套装女男士抗皱紧致护肤礼盒水乳化妆品套装生日礼物 【送妈妈女友情人节礼物】洗面奶+精华+水+乳+面霜,299.00,2022-04-05
635,10039497581580,面部护肤,套装/礼盒,百雀羚（PECHOIN）,百雀羚套装女水能量焕耀套装爽肤水乳液面霜眼霜淡化细纹补水保湿清爽控油滋养护肤品礼盒白雀官网直售自营,299.00,2022-04-05
636,10039497807607,面部护肤,套装/礼盒,百雀羚（PECHOIN）,百雀羚护肤品套装女士草本精粹惊喜四件套装礼盒水乳补水保湿妈妈冬季化妆品白雀铃官方旗舰官网店自营 洁面+水+乳+霜,148.00,2022-04-05
637,10039497807608,面部护肤,套装/礼盒,百雀羚（PECHOIN）,百雀羚护肤品套装女士草本精粹惊喜四件套装礼盒水乳补水保湿妈妈冬季化妆品白雀铃官方旗舰官网店自营 洁面+水+乳+面霜+眼霜,158.00,2022-04-05
638,10039597946454,面部护肤,套装/礼盒,黛珂（Cosme Decorte）,日本黛珂Cosme Decorte紫苏水牛油果乳液植物韵律欣韵面部水乳护肤套装爽肤水精华控油祛痘 植物韵律化妆水200ml+乳液200ml（滋润型）,405.00,2022-04-05
639,10039668341973,香水彩妆,口红,雅慕诗婷,纪凡希星钻小羊皮系列口红小样四件套n37迷你装专柜礼盒装情人节礼物 星钻三件套(N37+N500+散粉) 小样,162.85,2022-04-05
640,10039814035602,香水彩妆,口红,迪奥（Dior）,dior迪奥口红香水999礼盒888哑光唇膏化妆品套装彩妆720生日礼物女 礼盒装：花漾淡香氛50ml+999哑光+999缎光,1250.00,2022-04-06
641,10039835759558,美妆工具,假睫毛,everbab,everbab艾蓓拉假睫毛女自然放大双眼自粘A型仙子毛鱼尾混合装嫁接眼睫毛 胶水镊子易操作 上下睫毛套装--A型仙子毛+鱼尾型 （含镊子胶水）,39.00,2022-04-05
642,10039842979840,香水彩妆,彩妆套装,茗希芝（MINSHZEE）,【.圣诞礼物】口红套装彩妆口红礼盒投影初学者化妆品套装全套圣诞节生日礼物情人节送女友女朋友女生闺蜜 彩妆投影礼盒套装,298.00,2022-04-05
643,10040013923191,香水彩妆,口红,汤姆福特（TOM FORD）,汤姆福特TF口红礼盒16化妆品套装唇膏口红生日礼物女友 黑管TF16斯嘉丽红【礼盒装】,275.00,2022-04-06
644,10040013923193,香水彩妆,口红,汤姆福特（TOM FORD）,汤姆福特TF口红礼盒16化妆品套装唇膏口红生日礼物女友 黑管TF100肉桂奶茶【礼盒装】,275.00,2022-04-06
645,10040013923195,香水彩妆,口红,汤姆福特（TOM FORD）,汤姆福特TF口红礼盒16化妆品套装唇膏口红生日礼物女友 TF16滋润+TF100哑光【两只礼盒装】,550.00,2022-04-06
646,10040017476966,香水彩妆,口红,古驰（GUCCI）,古驰gucci口红505礼盒香水唇膏化妆品套装老婆生日礼物女友 古驰金管25哑光橘调苹果红,245.00,2022-04-05
647,10040017476967,香水彩妆,口红,古驰（GUCCI）,古驰gucci口红505礼盒香水唇膏化妆品套装老婆生日礼物女友 古驰细管515橘棕红,245.00,2022-04-05
648,10040017476968,香水彩妆,口红,古驰（GUCCI）,古驰gucci口红505礼盒香水唇膏化妆品套装老婆生日礼物女友 古驰口红208哑光蜜桃烤豆奶,245.00,2022-04-05
649,10040017476969,香水彩妆,口红,古驰（GUCCI）,古驰gucci口红505礼盒香水唇膏化妆品套装老婆生日礼物女友 古驰口红505哑光枫叶红棕,259.00,2022-04-05
650,10040017476970,香水彩妆,口红,古驰（GUCCI）,古驰gucci口红505礼盒香水唇膏化妆品套装老婆生日礼物女友 古驰口红25碎花滋润番茄红,245.00,2022-04-05
651,10040017476976,香水彩妆,口红,古驰（GUCCI）,古驰gucci口红505礼盒香水唇膏化妆品套装老婆生日礼物女友 四只礼盒套装：505哑光+505滋润+208+25,1036.00,2022-04-06
652,10040139659689,面部护肤,其它面部护肤,东半球,4瓶维生素e乳身体乳液补水保湿滋润素颜面霜护肤润肤男女通用国货护肤协和维生素E乳护手霜护肤品 东半球,19.90,2022-04-06
653,10040142773567,香水彩妆,口红,香芙儿（CHAFFUL）,传奇红樱桃唇膏女士专柜正品官方保湿滋润防干裂今生同款变色唇膏学生孕妇可用千人千色不掉色口红不沾杯 变色唇膏2支,59.00,2022-04-06
654,10040244225815,面部护肤,套装/礼盒,韩后（Hanhoo）,韩后鲜萃茶水乳套装补水保湿控油收缩毛孔礼盒装护肤品化妆品套装女 四件套【洁面+水+乳+精华水】,179.00,2022-04-06
655,10040503894204,香水彩妆,唇彩唇蜜/唇釉,俏美人（CoolBetty）,俏美人（CoolBetty）精选单唇釉组合（丝绒哑光雾面唇彩唇蜜持久显白唇泥不沾杯易上色女学生） 50抽佳丽洗脸巾,10.00,2022-04-05
656,10040503894207,香水彩妆,唇彩唇蜜/唇釉,俏美人（CoolBetty）,俏美人（CoolBetty）精选单唇釉组合（丝绒哑光雾面唇彩唇蜜持久显白唇泥不沾杯易上色女学生） 珍珠纹洗脸巾45抽,10.00,2022-04-06
657,10040542725097,香水彩妆,口红,泡泡吻（BubbleKiss）,【情人节礼物】泡泡吻李佳琦彩妆套装礼盒荷花东方西子定制化妆品国潮中国风生日情人节新年礼物送老婆女朋友 礼盒8件套,118.00,2022-04-05
658,10040631914940,香水彩妆,口红,QDQ,奥迪口红 不脱色不掉色不沾杯不脱色豆沙色烂番茄色同款奥迪口红雨衣哑光 504#奶茶豆沙色,64.00,2022-04-06
659,10040690258860,面部护肤,套装/礼盒,溪木源,溪木源山茶花敏感肌秋冬补水保湿滋润修复肌肤 洗面奶 面膜 水乳套装护肤品学生男女 山茶花水乳2件套装,159.00,2022-04-06
660,10040690258871,面部护肤,套装/礼盒,溪木源,溪木源山茶花敏感肌秋冬补水保湿滋润修复肌肤 洗面奶 面膜 水乳套装护肤品学生男女 洁面乳80g,49.00,2022-04-06
661,10040778534825,面部护肤,套装/礼盒,欧诗漫（OSM）,欧诗漫套装女珍珠白护肤品美白淡化斑补水保湿面霜小白灯精华化妆品组合官方旗舰官网店 ①【店长推荐】套装：洗+水+乳+面霜+面膜,209.90,2022-04-05
662,10040914691882,香水彩妆,口红,町采儿,【限定款】国潮风彩妆口红礼盒套装荷花东方西子清风伴手礼定制中国风生日送女生老婆朋友三八妇女节礼物神节 礼盒装·8件套,139.00,2022-04-05
663,10040939881634,香水彩妆,彩妆套装,D.D.R,花东方美妆西子彩妆套盒国风礼盒九件化妆品套装全套 DDR东方美妆九件套 D.D.R东方美妆九件套+礼袋,90.00,2022-04-05
664,10040943374472,面部护肤,乳液/面霜,fUT,【专治毛孔粗大】乳糖酸面霜补水保湿乳液收缩毛孔去淡化黑头滋润补水保湿擦脸面霜油护肤品男女 【补水收毛孔】乳糖酸面霜50G,59.90,2022-04-05
665,10040951096259,香水彩妆,口红,DIOR,迪奥Dior口红999丝绒滋润哑光缎光正红唇膏送女友礼物老婆女生生日礼物 999#哑光新款配玫瑰礼盒,288.00,2022-04-05
666,10040958215720,香水彩妆,彩妆套装,佳雅（Jiaya）,牡丹玉容口红礼盒彩妆套装古风中国风情人节生日礼物女生送女友送老婆女神闺蜜美妆化妆品全套实用浪漫礼物 牡丹玉容彩妆十二件套,138.00,2022-04-05
667,10041130893780,香水彩妆,口红,YJ,【七夕情人节礼】媚族暮色余晖星荷听雨微雕口红彩妆浪漫告白音乐夏诗文SHWIN套装礼盒送女友女朋友礼物 传世青花投影同心锁口红彩妆套盒【典藏八件礼盒款】,308.00,2022-04-05
668,10041168299756,香水彩妆,口红,阿玛尼（ARMANI COLLEZIONI）,阿玛尼（ARMANI）口红臻致丝绒哑光唇釉红管405礼盒套装生日礼物 405#番茄红【配礼盒礼袋】,-1.00,2022-04-06
669,10041332919638,香水彩妆,口红,阿玛尼（ARMANI COLLEZIONI）,阿玛尼（ARMANI）口红臻致丝绒哑光唇釉红管405礼盒套装生日礼物 400#正红色【配礼盒礼袋】,-1.00,2022-04-06
670,10041394056837,香水彩妆,口红,阿玛尼（ARMANI COLLEZIONI）,阿玛尼（ARMANI）口红臻致丝绒哑光唇釉红管405礼盒套装生日礼物 405g#金闪烂番茄,-1.00,2022-04-06
671,10041550360598,面部护肤,套装/礼盒,欧莱雅（LOREAL）,巴黎欧莱雅套装清润葡萄籽强韧修护滋润清爽洗面奶水乳面霜女士护肤品化妆品补水保湿节日礼物礼盒 【体验装中样】水65ml+乳50ml,76.00,2022-04-06
672,10041576508240,面部护肤,润唇膏,韩泊莉（HANBOLI）,【两盒49】凡士林润唇膏男女补水保湿滋润防干裂淡化唇纹夜间修护韩泊莉唇膜 四只/盒,39.00,2022-04-05
673,10041741822130,面部护肤,套装/礼盒,后（The history of Whoo）,韩国进口WHOO后套装天气丹水乳霜精华眼霜面霜套盒男女护肤品礼盒拱辰享水妍雪玉凝津率享天率丹秘贴 津率享红华凝香水乳霜7件套护肤品套盒343ml免税,699.00,2022-04-05
674,10041772612574,面部护肤,套装/礼盒,百雀羚（PECHOIN）,百雀羚气韵水乳套装补水护肤化妆品套装美白补水淡纹女肌源奢白雪颜润白礼盒套装女白雀铃旗舰官网店自营 白颜润白礼盒(水+乳+箐华露+霜),219.00,2022-04-05
675,10041833870985,香水彩妆,口红,香芙儿（CHAFFUL）,2支79 3支99】传奇红樱桃唇膏专柜正品官方女保湿滋润防干裂今生同款变色唇膏学生孕妇可用不掉色口红 温变唇膏一支装【口红唇膏二合一】,58.00,2022-04-05
676,10041864936439,香水彩妆,彩妆套装,D.D.R,520礼物七仙女口红小样试用装7支口红套盒套装送女友姐妹礼物生日礼物送手提袋口红小样口红套盒礼七小福 2 号口红套装,116.00,2022-04-05
677,10041955076359,面部护肤,面部精华,斐丽（FELEE）,南方医学研究院 烟酰胺美白祛斑淡斑精华原液男女士面部精华肌底液 颜值语祛斑产品【3瓶89，3瓶绝斑】,49.90,2022-04-05
678,10041960078156,香水彩妆,口红,汤姆福特（TOM FORD）,汤姆福特TF口红礼盒16化妆品套装唇膏口红生日礼物女友 两只套装：TF16+TF27,550.00,2022-04-05
679,10042011039796,身体护理,纤体塑形,百幽草,南京同仁堂纤体塑身霜懒人减掉肥胖瘦大肚子产后大肚腩肌肉型小腿大象腿手臂粗百幽草巧巧纤体塑形按摩膏男女 3瓶装【实付2瓶价格】,198.00,2022-04-05
680,10042026538830,香水彩妆,彩妆套装,kisskylie,李佳琦彩妆西子套装全套组合送礼盒口红新手化妆品kisskylie 十三件套彩妆礼盒,236.00,2022-04-06
681,10042123109564,面部护肤,套装/礼盒,百雀羚（PECHOIN）,百雀羚套装水嫩倍现至尚臻美套装补水保湿控油清爽收缩毛孔面部护理精华补水礼盒护肤女白雀铃官网旗舰自营 洁面+水+乳+霜+眼部精华液,179.50,2022-04-06
682,10042234081915,香水彩妆,口红,kourt,一鹿有你口红礼盒一路有你化妆品彩妆套装套盒520情人节礼物表白礼生日礼物女生送女朋友老婆结婚纪念日 双层玫瑰花音乐亮灯彩妆礼盒,298.00,2022-04-06
683,10042281570823,香水彩妆,口红,源梦坊,一鹿有你同心锁礼盒口红化妆品套装38女神三八妇女节礼物三八节生日礼物送女生女朋友爱人闺蜜老婆纪念日 一鹿有你【同心锁礼盒口红+精美礼袋+限定纸雕礼盒】,238.00,2022-04-05
684,10042319292599,美妆工具,双眼皮贴,素之然（MOTONOZEN）,日本进口MOTONOZEN素之然双眼皮贴隐形蕾丝肤色双眼皮贴自然无痕男女天生大眼 单面L款4片60枚,28.50,2022-04-05
685,10042330659509,香水彩妆,口红,古驰（GUCCI）,【生日礼物】GUCCI古驰口红505金管碎花哑光唇膏小碎花口红礼盒套装生日礼物送女生 新款金管口红505#（哑光款）,278.00,2022-04-06
686,10042475326093,香水彩妆,口红,M.A.C,[送女友礼物]魅可mac口红套装送女朋友节日礼物生日礼物口红礼盒套装 MAC602小辣椒+707RUBY WOO,296.00,2022-04-05
687,10042475689470,香水彩妆,口红,M.A.C,魅可mac口红316礼盒套装唇膏高光修容粉饼生日礼物女友 MAC口红两只套装：602chili+707RUB,298.00,2022-04-05
688,10042488585485,香水彩妆,彩妆套装,尤莉尤拉（YOULI YOULA）,元旦节新年礼物女生送女友朋友女神生日礼物给女生送老婆闺蜜实用浪漫感的情人节 青荷韵美妆套盒,142.00,2022-04-05
689,10042533387986,香水彩妆,口红,古驰（GUCCI）,GUCCI古驰口红唇膏 节日生日礼物送女生 倾色丝润小碎花25#水润番茄红（滋润）,238.00,2022-04-05
690,10042641561966,面部护肤,乳液/面霜,质润,质润20%壬二酸清痘凝露15g1盒壬二酸软膏杜鹃花祛痘控油去黑头去粉刺祛痘印壬二酸祛痘膏抗痘网红同款,39.90,2022-04-05
691,10042641970585,面部护肤,套装/礼盒,目颜（MUYAN）,目颜洋甘菊精华水牛油果精华乳水乳组合补水套装敏感肌护肤品情人节礼物套装 （弹润温和）水乳洁面三件套,208.00,2022-04-05
692,10042641970586,面部护肤,套装/礼盒,目颜（MUYAN）,目颜洋甘菊精华水牛油果精华乳水乳组合补水套装敏感肌护肤品情人节礼物套装 （补水润肤）水乳面霜三件套,288.00,2022-04-06
693,10042649614038,香水彩妆,口红,IN,【2支68】女王权杖口红奢华三色萝卜丁不掉色不沾杯保湿雾面哑光唇膏不褪色变色持久防水口红in抖音同款 女王权杖口红,48.00,2022-04-05
694,10042845922271,香水彩妆,口红,无品牌,【节日礼物】专柜小羊皮口红小样丝绒小羊皮口红小样专柜小羊皮N37 N25 333唇膏 (N33红丝绒)1.5g,48.00,2022-04-06
695,10042858347858,香水彩妆,口红,DOOUCI,一鹿有你口红礼盒彩妆套装化妆品38女神三八妇女节礼物送女友爱人三八节生日礼物女生女朋友闺蜜老婆纪念日 一鹿有你彩妆礼盒【投影灯光+音乐+限定纸雕礼盒】,148.00,2022-04-06
696,10042982551291,面部护肤,套装/礼盒,欧诗漫（OSM）,欧诗漫osm套盒护肤品化妆品套装护肤礼盒女美白补水保湿官方旗舰 ①【店长推荐】洁面+爽肤水+乳液+霜+（美白精华）,219.00,2022-04-05
697,10043002358590,面部护肤,套装/礼盒,米云,米云男士水乳洁面洗面奶护肤品护理套装爽肤水乳液补水控油水乳套盒旅行装 【清爽控油】水+乳+洗面奶,169.00,2022-04-05
698,10043093215971,香水彩妆,口红,S’naturalls,【官方旗舰】兰蔲口红小样196口红胡萝卜菁纯丝绒朱砂金管888持久不掉色大牌专柜试用装1.6g 黑管196#朱砂橘,59.00,2022-04-05
699,10043096186529,香水彩妆,眼影,CYCY,【2022春夏新款】25色奶油精灵眼影盘ins闪粉珠光超火多色哑光防水防汗眼影学生党自带眼影刷美彩妆 奶油精灵25色眼影大盘-自带眼影刷,39.00,2022-04-05
700,10043266904168,面部护肤,润唇膏,资生堂（Shiseido）,资生堂（SHISEIDO）日本进口Moilip修护润唇膏改善口角炎唇膏（临期商品2022年8月） 1支装 8g,37.00,2022-04-05
701,10043329404308,面部护肤,套装/礼盒,艾遇（AIYU）,AUOU艾遇水乳套装女学生护肤品爽肤水乳液补水套盒控油修复干皮油皮痘痘肌敏感肌收缩毛孔男生可用 艾遇水乳套装（水+乳共4瓶，两大两小）,107.90,2022-04-05
702,10043331853923,面部护肤,套装/礼盒,孔凤春,孔凤春马齿苋水乳面霜护肤保湿补水修护面部护理套装滋润敏感肌冬修护肌肤屏障舒缓护肤春夏男女 水+乳,50.90,2022-04-06
703,10043344413413,香水彩妆,唇彩唇蜜/唇釉,俏美人（CoolBetty）,俏美人（CoolBetty）轻奢空气丝绒唇釉 空气丝绒丝绒哑光雾面口红蜜持久显白唇泥不沾杯易上色 80片-厨房湿巾,10.00,2022-04-06
704,10043355012496,面部护肤,乳液/面霜,敬修堂,敬修堂佰花方祛斑霜正证品百花方老款老牌子淡化雀斑去斑点水乳男女士面霜熊果苷新年老婆女友妈妈隔日到 敬修堂佰花方2瓶,199.00,2022-04-06
705,10043505480312,香水彩妆,彩妆套装,知汐,【情人节礼物】中国风彩妆套装彩妆化妆品套装口红礼盒女朋友生日礼物女生情人节礼物新年礼物送女友老婆知汐 荷芙韵古风礼盒套装13件套,118.00,2022-04-06
706,10043512060282,面部护肤,套装/礼盒,Rosetimes,Rosetimes独岛水乳套装补水保湿孤岛爽肤水乳液柔润护肤品男女士 乳液（滋养护理）+水（补水保湿）,68.00,2022-04-05
707,10043544184411,香水彩妆,口红,自然堂（CHANDO）,自然堂太空小金笔口红 升级全新色号润泽炫色唇膏 保湿滋润高级显白日常百搭不挑皮 化妆品彩妆节日礼物 #06胡萝卜色,85.00,2022-04-05
708,10043573934737,香水彩妆,口红,香奈儿（Chanel）,香奈儿Chanel口红炫亮魅力唇膏58豆沙色生日礼物礼盒 58#豆沙色【配玫瑰礼盒】,-1.00,2022-04-06
709,10043573934738,香水彩妆,口红,香奈儿（Chanel）,香奈儿Chanel口红炫亮魅力唇膏58豆沙色生日礼物礼盒 99#正红【配玫瑰礼盒】,-1.00,2022-04-06
710,10043599049174,香水彩妆,口红,DIOR,迪奥Dior口红999丝绒滋润哑光缎光正红唇膏送女友礼物老婆女生生日礼物 999#传奇红丝绒配玫瑰礼盒,288.00,2022-04-05
711,10043609315206,香水彩妆,口红,迪奥（Dior）,Dior迪奥口红新款口红礼盒套盒正红滋润哑光口红套装生日礼物送女友老婆生日礼物 女友 新款滋润520表白色【玫瑰礼盒】,288.00,2022-04-05
712,10043609315208,香水彩妆,口红,迪奥（Dior）,Dior迪奥口红新款口红礼盒套盒正红滋润哑光口红套装生日礼物送女友老婆生日礼物 女友 新款999哑光【玫瑰礼盒】,288.00,2022-04-05
713,10043609315210,香水彩妆,口红,迪奥（Dior）,Dior迪奥口红新款口红礼盒套盒正红滋润哑光口红套装生日礼物送女友老婆生日礼物 女友 新款丝绒720#豆沙红棕【玫瑰礼盒】,268.00,2022-04-06
714,10043609349295,香水彩妆,口红,迪奥（Dior）,迪奥Dior口红套装全新烈艳蓝金口红 生日礼物口红套盒口红礼盒套装 礼盒礼物送女友生日礼物 新款哑光888#发财色,268.00,2022-04-06
715,10043609349296,香水彩妆,口红,迪奥（Dior）,迪奥Dior口红套装全新烈艳蓝金口红 生日礼物口红套盒口红礼盒套装 礼盒礼物送女友生日礼物 新款999哑光,288.00,2022-04-05
716,10043609349297,香水彩妆,口红,迪奥（Dior）,迪奥Dior口红套装全新烈艳蓝金口红 生日礼物口红套盒口红礼盒套装 礼盒礼物送女友生日礼物 新款999滋润,288.00,2022-04-05
717,10043609349298,香水彩妆,口红,迪奥（Dior）,迪奥Dior口红套装全新烈艳蓝金口红 生日礼物口红套盒口红礼盒套装 礼盒礼物送女友生日礼物 新款丝绒720#豆沙红棕,288.00,2022-04-05
718,10043609349301,香水彩妆,口红,迪奥（Dior）,迪奥Dior口红套装全新烈艳蓝金口红 生日礼物口红套盒口红礼盒套装 礼盒礼物送女友生日礼物 新款520+999哑光【玫瑰礼盒】,576.00,2022-04-05
719,10043609349303,香水彩妆,口红,迪奥（Dior）,迪奥Dior口红套装全新烈艳蓝金口红 生日礼物口红套盒口红礼盒套装 礼盒礼物送女友生日礼物 mini四件套,378.00,2022-04-05
720,10043609365113,香水彩妆,口红,迪奥（Dior）,Dior迪奥口红新款口红礼盒套盒正红滋润哑光口红套装生日礼物送女友老婆生日礼物 女友 新款520+999哑光【玫瑰礼盒】,576.00,2022-04-05
721,10043609365114,香水彩妆,口红,迪奥（Dior）,Dior迪奥口红新款口红礼盒套盒正红滋润哑光口红套装生日礼物送女友老婆生日礼物 女友 新款888+999滋润【玫瑰礼盒】,576.00,2022-04-05
722,10043609365115,香水彩妆,口红,迪奥（Dior）,Dior迪奥口红新款口红礼盒套盒正红滋润哑光口红套装生日礼物送女友老婆生日礼物 女友 花漾星年套装【五只装】,1198.00,2022-04-05
723,10043609365116,香水彩妆,口红,迪奥（Dior）,Dior迪奥口红新款口红礼盒套盒正红滋润哑光口红套装生日礼物送女友老婆生日礼物 女友 雪花套装【六只装】,1398.00,2022-04-05
724,10043609365117,香水彩妆,口红,迪奥（Dior）,Dior迪奥口红新款口红礼盒套盒正红滋润哑光口红套装生日礼物送女友老婆生日礼物 女友 mini四件套,358.00,2022-04-06
725,10043609398610,香水彩妆,口红,香奈儿（Chanel）,（Chanel）香奈儿口红炫亮魅力口红礼盒套盒 送女友生日礼物口红套装生日礼物送女友 丝绒56# 桔子色,278.00,2022-04-06
726,10043609409311,香水彩妆,口红,香奈儿（Chanel）,（Chanel）香奈儿口红炫亮魅力口红礼盒套盒 送女友生日礼物口红套装生日礼物送女友 丝绒57# 枫叶红,278.00,2022-04-06
727,10043609409312,香水彩妆,口红,香奈儿（Chanel）,（Chanel）香奈儿口红炫亮魅力口红礼盒套盒 送女友生日礼物口红套装生日礼物送女友 丝绒58# 豆沙色,278.00,2022-04-06
728,10043609409313,香水彩妆,口红,香奈儿（Chanel）,（Chanel）香奈儿口红炫亮魅力口红礼盒套盒 送女友生日礼物口红套装生日礼物送女友  黑管116#树莓红,298.00,2022-04-05
729,10043609409314,香水彩妆,口红,香奈儿（Chanel）,（Chanel）香奈儿口红炫亮魅力口红礼盒套盒 送女友生日礼物口红套装生日礼物送女友 COCO套盒【6支装】,1368.00,2022-04-05
730,10043609481491,香水彩妆,口红,汤姆福特（TOM FORD）,【生日礼物】汤姆.福特TF口红女士烈焰幻魅唇膏口红礼盒口红套装套盒送女友生日礼物 女友 黑管80#复古红棕色,318.00,2022-04-05
731,10043609481492,香水彩妆,口红,汤姆福特（TOM FORD）,【生日礼物】汤姆.福特TF口红女士烈焰幻魅唇膏口红礼盒口红套装套盒送女友生日礼物 女友 TF四只装【09+15+16+80】,1112.00,2022-04-06
732,10043609481493,香水彩妆,口红,汤姆福特（TOM FORD）,【生日礼物】汤姆.福特TF口红女士烈焰幻魅唇膏口红礼盒口红套装套盒送女友生日礼物 女友 TF六只装【08+09+10+15+16+80】,1668.00,2022-04-06
733,10043619118499,香水彩妆,口红,迪奥（Dior）,迪奥Dior口红套装全新烈艳蓝金口红 生日礼物口红套盒口红礼盒套装 礼盒礼物送女友生日礼物 烟花套盒六只装,1198.00,2022-04-06
734,10043646014436,面部护肤,套装/礼盒,阿古丽娅,阿古丽娅烟酰胺水乳套盒护肤品套装男女士提亮肤色化妆品（洁面乳+柔肤水+精华液+眼霜+保湿乳+修护霜） 阿古丽娅四重酵母修护12件礼盒套装,99.00,2022-04-06
735,10043666219818,香水彩妆,口红,爱奢尔,爱奢尔口红礼盒套装情人节生日礼物女生送女朋友女孩女士女神闺蜜老婆爱人新婚结婚纪念日创意礼品实用伴手礼 彩妆礼盒九件套【一鹿有你 爱的足迹】,198.00,2022-04-05
736,10043702443087,香水彩妆,口红,香奈儿（Chanel）,CHANEL香奈儿魅力丝绒唇膏彗星限量口红38节三八妇女节礼物女友女朋友礼盒套盒可可小姐COCO白管 COCO白管914-杏仁奶茶,398.00,2022-04-05
737,10043835973995,面部护肤,套装/礼盒,如薇（RNW）,RNW男士水乳套装护肤品洗面奶控油清爽保湿补水油皮洁面乳爽肤水如薇套盒 RNW男士套盒,119.00,2022-04-05
738,10043840002624,香水彩妆,口红,DOOUCI,DOOUCI一鹿有你口红礼盒送女朋友彩妆礼盒女友化妆品套装送老婆生日礼物女生送闺蜜美妆化妆盒 国色佳人投影音乐彩灯礼盒,258.00,2022-04-05
739,10044240637373,面部护肤,套装/礼盒,资生堂（SHISEIDO PROFESSIONAL）,日本资生堂（Shiseido）悦薇珀翡紧颜亮肤水乳套装 女士护肤品套装礼物送女友 资生堂悦薇水75ML+乳液30ML（滋润型）,189.00,2022-04-05
740,10044461702935,面部护肤,套装/礼盒,自然堂（CHANDO）,自然堂（CHANDO）雪润皙白晶澈精华护肤品套装 爽肤水化妆水乳 （补水保湿滋润透粉白送礼礼物 【礼盒五件套】洁110g+水乳90ml+早霜+晚霜,229.00,2022-04-05
741,10044536931423,面部护肤,套装/礼盒,仁和匠心（renhejiangxin）,仁和药业祛斑美白霜套装 淡斑美白祛黄提亮肤色补水保湿水乳霜护肤品套装女 烟酰胺美白化妆品礼盒套装 祛斑美白水乳霜三件套,145.00,2022-04-05
742,10044634098561,香水彩妆,口红,迪奥（Dior）,迪奥（Dior）999口红唇膏不易沾杯持久正装3.5g 传奇红唇999#丝绒*1,268.00,2022-04-05
743,10044848396510,面部护肤,套装/礼盒,自然堂（CHANDO）,自然堂套装雪域精粹化妆品护肤品礼盒纯粹滋润女士密集补水保湿修护提亮旗舰官方店 雪域冰肌水60ml勿拍,19.90,2022-04-05
744,10044954061514,面部护肤,乳液/面霜,ZOZU,ZOZU牛油果凝润芦荟胶 补水保湿滋润清爽不粘腻 芦荟胶 抽取式洗脸巾50抽,10.00,2022-04-05
745,10044954061524,面部护肤,乳液/面霜,ZOZU,ZOZU牛油果凝润芦荟胶 补水保湿滋润清爽不粘腻 芦荟胶 婴儿湿巾80抽大包装,10.00,2022-04-05
746,10044954061527,面部护肤,乳液/面霜,ZOZU,ZOZU牛油果凝润芦荟胶 补水保湿滋润清爽不粘腻 芦荟胶 珍珠纹洗脸巾45抽,10.00,2022-04-05
747,10044988759047,面部护肤,套装/礼盒,溪木源,溪木源积雪草水乳套装清爽补水滋润控油洗面奶油肌舒缓护肤品男女学生 两件套积雪草水100ml+乳100ml,199.00,2022-04-05
748,10045017735333,美妆工具,美甲工具,遇上佳人,遇上佳人 指甲刀套装16件套指甲剪甲沟炎专用钳修甲工具修脚刀粉刺针挖耳勺掏耳朵去死皮美甲工具 薄荷绿,19.90,2022-04-06
749,10045109946700,面部护肤,套装/礼盒,三月理,【新品】三月理油痘肌水乳红茶控油抗痘套装舒缓清爽平衡水油补水学生男女 控油祛痘水乳2件套,171.00,2022-04-06
750,10045413014064,面部护肤,套装/礼盒,百雀羚,百雀羚套装女 草本精粹惊喜护肤礼盒 水乳面霜清爽补水保湿四件套旗舰套盒礼物送礼品 草本精粹惊喜套装礼盒4件套,99.00,2022-04-05
751,10045751894653,香水彩妆,唇彩唇蜜/唇釉,帕琪嫚（PAQIMAN）,YQL黑管唇釉416口红小样滋润不易掉色不易沾杯送女朋友520七夕生日礼物 黑管唇釉416# 番茄红,27.30,2022-04-05
752,10045882535025,香水彩妆,彩妆套装,樱安娜,愚人节礼物送女友老婆网红口红彩妆礼盒套装情人节礼物送女神女朋友女孩女生生日结婚纪念日表白女员工礼品 口红十件套,98.00,2022-04-06
753,10046092699949,面部护肤,套装/礼盒,百雀羚,百雀羚草本套装女士妈妈护肤品草本精粹礼盒四件套水乳补水保湿紧致抗皱提亮肤色淡化细纹护肤化妆品,99.00,2022-04-06
754,10046101744694,面部护肤,套装/礼盒,百雀羚,百雀羚套装女 草本精粹惊喜护肤礼盒 水乳面霜清爽补水保湿四件套旗舰套盒礼物送礼品 草本精萃套装,99.00,2022-04-06
755,10046834520333,面部护肤,套装/礼盒,自然堂（CHANDO）,自然堂（CHANDO）雪润皙白晶澈精华护肤品套装 爽肤水化妆水乳 （补水保湿滋润透粉白送礼礼物 冰肌水90ml,105.00,2022-04-05
756,10047437727165,面部护肤,套装/礼盒,欧莱雅（L'OREAL）,欧莱雅套装女士护肤品复颜抗皱五件套柔肤水乳液面霜补水保湿提拉紧致化妆品送妈妈女生母亲节礼物 【优惠装】柔肤水65ml+霜25ml,109.00,2022-04-05
